"OFFICIAL_GENE_SYMBOL","Original ID","Value","Gene Name","Species"
"AARS1","P49588","","alanyl-tRNA synthetase 1(AARS1)","Homo sapiens"
"AATF","Q9NY61","","apoptosis antagonizing transcription factor(AATF)","Homo sapiens"
"ABHD10","Q9NUJ1","","abhydrolase domain containing 10, depalmitoylase(ABHD10)","Homo sapiens"
"ABRACL","Q9P1F3","","ABRA C-terminal like(ABRACL)","Homo sapiens"
"ABT1","Q9ULW3","","activator of basal transcription 1(ABT1)","Homo sapiens"
"ABTB3","A6QL63","","ankyrin repeat and BTB domain containing 3(ABTB3)","Homo sapiens"
"ACAA1","P09110","","acetyl-CoA acyltransferase 1(ACAA1)","Homo sapiens"
"ACADS","P16219","","acyl-CoA dehydrogenase short chain(ACADS)","Homo sapiens"
"ACADSB","P45954","","acyl-CoA dehydrogenase short/branched chain(ACADSB)","Homo sapiens"
"ACAT1","P24752","","acetyl-CoA acetyltransferase 1(ACAT1)","Homo sapiens"
"ACAT2","Q9BWD1","","acetyl-CoA acetyltransferase 2(ACAT2)","Homo sapiens"
"ACBD3","Q9H3P7","","acyl-CoA binding domain containing 3(ACBD3)","Homo sapiens"
"ACO1","P21399","","aconitase 1(ACO1)","Homo sapiens"
"ACO2","Q99798","","aconitase 2(ACO2)","Homo sapiens"
"ACOT8","O14734","","acyl-CoA thioesterase 8(ACOT8)","Homo sapiens"
"ACSF3","Q4G176","","acyl-CoA synthetase family member 3(ACSF3)","Homo sapiens"
"ACTA1","P68133","","actin alpha 1, skeletal muscle(ACTA1)","Homo sapiens"
"ACTA2","P62736","","actin alpha 2, smooth muscle(ACTA2)","Homo sapiens"
"ACTB","P60709","","actin beta(ACTB)","Homo sapiens"
"ACTC1","P68032","","actin alpha cardiac muscle 1(ACTC1)","Homo sapiens"
"ACTG1","P63261","","actin gamma 1(ACTG1)","Homo sapiens"
"ACTG2","P63267","","actin gamma 2, smooth muscle(ACTG2)","Homo sapiens"
"ACTN1","P12814","","actinin alpha 1(ACTN1)","Homo sapiens"
"ACTN4","O43707","","actinin alpha 4(ACTN4)","Homo sapiens"
"ACTR10","Q9NZ32","","actin related protein 10(ACTR10)","Homo sapiens"
"ACTR1B","P42025","","actin related protein 1B(ACTR1B)","Homo sapiens"
"ACTR2","P61160","","actin related protein 2(ACTR2)","Homo sapiens"
"ACTR3","P61158","","actin related protein 3(ACTR3)","Homo sapiens"
"ACTR3B","Q9P1U1","","actin related protein 3B(ACTR3B)","Homo sapiens"
"ACTR3C","Q9C0K3","","actin related protein 3C(ACTR3C)","Homo sapiens"
"ADAM10","O14672","","ADAM metallopeptidase domain 10(ADAM10)","Homo sapiens"
"ADIPOR1","Q96A54","","adiponectin receptor 1(ADIPOR1)","Homo sapiens"
"AFDN","P55196","","afadin, adherens junction formation factor(AFDN)","Homo sapiens"
"AFF4","Q9UHB7","","ALF transcription elongation factor 4(AFF4)","Homo sapiens"
"AGFG1","P52594","","ArfGAP with FG repeats 1(AGFG1)","Homo sapiens"
"AGK","Q53H12","","acylglycerol kinase(AGK)","Homo sapiens"
"AHNAK","Q09666","","AHNAK nucleoprotein(AHNAK)","Homo sapiens"
"AHSA1","O95433","","activator of HSP90 ATPase activity 1(AHSA1)","Homo sapiens"
"AIMP1","Q12904","","aminoacyl tRNA synthetase complex interacting multifunctional protein 1(AIMP1)","Homo sapiens"
"AIMP2","Q13155","","aminoacyl tRNA synthetase complex interacting multifunctional protein 2(AIMP2)","Homo sapiens"
"AKAP11","Q9UKA4","","A-kinase anchoring protein 11(AKAP11)","Homo sapiens"
"AKAP8","O43823","","A-kinase anchoring protein 8(AKAP8)","Homo sapiens"
"AKR1B1","P15121","","aldo-keto reductase family 1 member B(AKR1B1)","Homo sapiens"
"AKR1B10","O60218","","aldo-keto reductase family 1 member B10(AKR1B10)","Homo sapiens"
"AKR1B15","C9JRZ8","","aldo-keto reductase family 1 member B15(AKR1B15)","Homo sapiens"
"AKR1C1","Q04828","","aldo-keto reductase family 1 member C1(AKR1C1)","Homo sapiens"
"AKR1C2","P52895","","aldo-keto reductase family 1 member C2(AKR1C2)","Homo sapiens"
"AKR1C3","P42330","","aldo-keto reductase family 1 member C3(AKR1C3)","Homo sapiens"
"AKR1C4","P17516","","aldo-keto reductase family 1 member C4(AKR1C4)","Homo sapiens"
"AKR7A2","O43488","","aldo-keto reductase family 7 member A2(AKR7A2)","Homo sapiens"
"AKT2","P31751","","AKT serine/threonine kinase 2(AKT2)","Homo sapiens"
"ALG1","Q9BT22","","ALG1 chitobiosyldiphosphodolichol beta-mannosyltransferase(ALG1)","Homo sapiens"
"ALOX12B","O75342","","arachidonate 12-lipoxygenase, 12R type(ALOX12B)","Homo sapiens"
"ALPG","P10696","","alkaline phosphatase, germ cell(ALPG)","Homo sapiens"
"ALPI","P09923","","alkaline phosphatase, intestinal(ALPI)","Homo sapiens"
"ALPP","P05187","","alkaline phosphatase, placental(ALPP)","Homo sapiens"
"ALS2","Q96Q42","","alsin Rho guanine nucleotide exchange factor ALS2(ALS2)","Homo sapiens"
"ALYREF","Q86V81","","Aly/REF export factor(ALYREF)","Homo sapiens"
"ANKFY1","Q9P2R3","","ankyrin repeat and FYVE domain containing 1(ANKFY1)","Homo sapiens"
"ANKLE2","Q86XL3","","ankyrin repeat and LEM domain containing 2(ANKLE2)","Homo sapiens"
"ANKRD13A","Q8IZ07","","ankyrin repeat domain 13A(ANKRD13A)","Homo sapiens"
"ANP32B","Q92688","","acidic nuclear phosphoprotein 32 family member B(ANP32B)","Homo sapiens"
"ANXA10","Q9UJ72","","annexin A10(ANXA10)","Homo sapiens"
"ANXA2","P07355","","annexin A2(ANXA2)","Homo sapiens"
"ANXA2P2","A6NMY6","","annexin A2 pseudogene 2(ANXA2P2)","Homo sapiens"
"ANXA3","P12429","","annexin A3(ANXA3)","Homo sapiens"
"ANXA7","P20073","","annexin A7(ANXA7)","Homo sapiens"
"ANXA8","P13928,Q5VT79","","annexin A8(ANXA8)","Homo sapiens"
"ANXA8L1","P13928,Q5VT79","","annexin A8 like 1(ANXA8L1)","Homo sapiens"
"AP2B1","P63010","","adaptor related protein complex 2 subunit beta 1(AP2B1)","Homo sapiens"
"AP3B1","O00203","","adaptor related protein complex 3 subunit beta 1(AP3B1)","Homo sapiens"
"AP3B2","Q13367","","adaptor related protein complex 3 subunit beta 2(AP3B2)","Homo sapiens"
"AP3D1","O14617","","adaptor related protein complex 3 subunit delta 1(AP3D1)","Homo sapiens"
"AP3S1","Q92572","","adaptor related protein complex 3 subunit sigma 1(AP3S1)","Homo sapiens"
"APC","P25054","","APC regulator of WNT signaling pathway(APC)","Homo sapiens"
"APOBEC3F","Q8IUX4","","apolipoprotein B mRNA editing enzyme catalytic subunit 3F(APOBEC3F)","Homo sapiens"
"APRT","P07741","","adenine phosphoribosyltransferase(APRT)","Homo sapiens"
"ARF1","P84077","","ARF GTPase 1(ARF1)","Homo sapiens"
"ARF1P1","P84077","","ARF GTPase 1 pseudogene 1(ARF1P1)","Homo sapiens"
"ARF3","P61204,P84077","","ARF GTPase 3(ARF3)","Homo sapiens"
"ARF4","P18085","","ARF GTPase 4(ARF4)","Homo sapiens"
"ARF5","P84085","","ARF GTPase 5(ARF5)","Homo sapiens"
"ARHGAP1","Q07960","","Rho GTPase activating protein 1(ARHGAP1)","Homo sapiens"
"ARHGDIB","P52566","","Rho GDP dissociation inhibitor beta(ARHGDIB)","Homo sapiens"
"ARHGEF18","Q6ZSZ5","","Rho/Rac guanine nucleotide exchange factor 18(ARHGEF18)","Homo sapiens"
"ARID2","Q68CP9","","AT-rich interaction domain 2(ARID2)","Homo sapiens"
"ARID3B","Q8IVW6","","AT-rich interaction domain 3B(ARID3B)","Homo sapiens"
"ARID5B","Q14865","","AT-rich interaction domain 5B(ARID5B)","Homo sapiens"
"ARL3","P36405","","ARF like GTPase 3(ARL3)","Homo sapiens"
"ARL6IP4","Q66PJ3","","ARF like GTPase 6 interacting protein 4(ARL6IP4)","Homo sapiens"
"ARMC8","Q8IUR7","","armadillo repeat containing 8(ARMC8)","Homo sapiens"
"ARMT1","Q9H993","","acidic residue methyltransferase 1(ARMT1)","Homo sapiens"
"ARPC3","O15145","","actin related protein 2/3 complex subunit 3(ARPC3)","Homo sapiens"
"ARVCF","O00192","","ARVCF delta catenin family member(ARVCF)","Homo sapiens"
"ASCC1","Q8N9N2","","activating signal cointegrator 1 complex subunit 1(ASCC1)","Homo sapiens"
"ASF1A","Q9Y294","","anti-silencing function 1A histone chaperone(ASF1A)","Homo sapiens"
"ASH2L","Q9UBL3","","ASH2 like, histone lysine methyltransferase complex subunit(ASH2L)","Homo sapiens"
"ATAD3A","Q9NVI7","","ATPase family AAA domain containing 3A(ATAD3A)","Homo sapiens"
"ATAD3B","Q5T9A4","","ATPase family AAA domain containing 3B(ATAD3B)","Homo sapiens"
"ATAD3C","Q5T2N8","","ATPase family AAA domain containing 3C(ATAD3C)","Homo sapiens"
"ATAT1","Q5SQI0","","alpha tubulin acetyltransferase 1(ATAT1)","Homo sapiens"
"ATE1","O95260","","arginyltransferase 1(ATE1)","Homo sapiens"
"ATIC","P31939","","5-aminoimidazole-4-carboxamide ribonucleotide formyltransferase/IMP cyclohydrolase(ATIC)","Homo sapiens"
"ATL2","Q8NHH9","","atlastin GTPase 2(ATL2)","Homo sapiens"
"ATP1A1","P05023","","ATPase Na+/K+ transporting subunit alpha 1(ATP1A1)","Homo sapiens"
"ATP1A2","P50993","","ATPase Na+/K+ transporting subunit alpha 2(ATP1A2)","Homo sapiens"
"ATP1A3","P13637","","ATPase Na+/K+ transporting subunit alpha 3(ATP1A3)","Homo sapiens"
"ATP2A1","O14983","","ATPase sarcoplasmic/endoplasmic reticulum Ca2+ transporting 1(ATP2A1)","Homo sapiens"
"ATP2A2","P16615","","ATPase sarcoplasmic/endoplasmic reticulum Ca2+ transporting 2(ATP2A2)","Homo sapiens"
"ATP2A3","Q93084","","ATPase sarcoplasmic/endoplasmic reticulum Ca2+ transporting 3(ATP2A3)","Homo sapiens"
"ATP5F1B","P06576","","ATP synthase F1 subunit beta(ATP5F1B)","Homo sapiens"
"ATP5ME","P56385","","ATP synthase membrane subunit e(ATP5ME)","Homo sapiens"
"ATP5MF","P56134","","ATP synthase membrane subunit f(ATP5MF)","Homo sapiens"
"ATP6V0A1","Q93050","","ATPase H+ transporting V0 subunit a1(ATP6V0A1)","Homo sapiens"
"ATP6V0D1","P61421","","ATPase H+ transporting V0 subunit d1(ATP6V0D1)","Homo sapiens"
"ATP6V1B2","P21281","","ATPase H+ transporting V1 subunit B2(ATP6V1B2)","Homo sapiens"
"AURKA","O14965","","aurora kinase A(AURKA)","Homo sapiens"
"AURKB","Q96GD4","","aurora kinase B(AURKB)","Homo sapiens"
"BAG3","O95817","","BAG cochaperone 3(BAG3)","Homo sapiens"
"BAG5","Q9UL15","","BAG cochaperone 5(BAG5)","Homo sapiens"
"BAK1","Q16611","","BCL2 antagonist/killer 1(BAK1)","Homo sapiens"
"BAZ1A","Q9NRL2","","bromodomain adjacent to zinc finger domain 1A(BAZ1A)","Homo sapiens"
"BAZ1B","Q9UIG0","","bromodomain adjacent to zinc finger domain 1B(BAZ1B)","Homo sapiens"
"BBS9","Q3SYG4","","Bardet-Biedl syndrome 9(BBS9)","Homo sapiens"
"BCAP31","P51572","","B cell receptor associated protein 31(BCAP31)","Homo sapiens"
"BCKDHB","P21953","","branched chain keto acid dehydrogenase E1 subunit beta(BCKDHB)","Homo sapiens"
"BCL10","O95999","","BCL10 immune signaling adaptor(BCL10)","Homo sapiens"
"BCOR","Q6W2J9","","BCL6 corepressor(BCOR)","Homo sapiens"
"BEND5","Q7L4P6","","BEN domain containing 5(BEND5)","Homo sapiens"
"BICDL2","A1A5D9","","BICD family like cargo adaptor 2(BICDL2)","Homo sapiens"
"BMS1","Q14692","","BMS1 ribosome biogenesis factor(BMS1)","Homo sapiens"
"BNIP1","Q12981","","BCL2 interacting protein 1(BNIP1)","Homo sapiens"
"BOP1","Q14137","","BOP1 ribosomal biogenesis factor(BOP1)","Homo sapiens"
"BPNT2","Q9NX62","","3'(2'), 5'-bisphosphate nucleotidase 2(BPNT2)","Homo sapiens"
"BRD3","Q15059","","bromodomain containing 3(BRD3)","Homo sapiens"
"BRD4","O60885","","bromodomain containing 4(BRD4)","Homo sapiens"
"BRIP1","Q9BX63","","BRCA1 interacting DNA helicase 1(BRIP1)","Homo sapiens"
"BROX","Q5VW32","","BRO1 domain and CAAX motif containing(BROX)","Homo sapiens"
"BRWD1","Q9NSI6","","bromodomain and WD repeat domain containing 1(BRWD1)","Homo sapiens"
"BST2","Q10589","","bone marrow stromal cell antigen 2(BST2)","Homo sapiens"
"BTF3L4","Q96K17","","basic transcription factor 3 like 4(BTF3L4)","Homo sapiens"
"BUD23","O43709","","BUD23 rRNA methyltransferase and ribosome maturation factor(BUD23)","Homo sapiens"
"BUD31","P41223","","BUD31 homolog(BUD31)","Homo sapiens"
"BYSL","Q13895","","bystin like(BYSL)","Homo sapiens"
"C12orf43","Q96C57","","chromosome 12 open reading frame 43(C12orf43)","Homo sapiens"
"C1orf52","Q8N6N3","","chromosome 1 open reading frame 52(C1orf52)","Homo sapiens"
"CA12","O43570","","carbonic anhydrase 12(CA12)","Homo sapiens"
"CAB39","Q9Y376","","calcium binding protein 39(CAB39)","Homo sapiens"
"CALCOCO2","Q13137","","calcium binding and coiled-coil domain 2(CALCOCO2)","Homo sapiens"
"CALD1","Q05682","","caldesmon 1(CALD1)","Homo sapiens"
"CALR","P27797","","calreticulin(CALR)","Homo sapiens"
"CALU","O43852","","calumenin(CALU)","Homo sapiens"
"CAMK2A","Q9UQM7","","calcium/calmodulin dependent protein kinase II alpha(CAMK2A)","Homo sapiens"
"CAMK2B","Q13554","","calcium/calmodulin dependent protein kinase II beta(CAMK2B)","Homo sapiens"
"CAMK2D","Q13557","","calcium/calmodulin dependent protein kinase II delta(CAMK2D)","Homo sapiens"
"CAMK2G","Q13555","","calcium/calmodulin dependent protein kinase II gamma(CAMK2G)","Homo sapiens"
"CAND1","Q86VP6","","cullin associated and neddylation dissociated 1(CAND1)","Homo sapiens"
"CAND2","O75155","","cullin associated and neddylation dissociated 2 (putative)(CAND2)","Homo sapiens"
"CAPN1","P07384","","calpain 1(CAPN1)","Homo sapiens"
"CAPRIN1","Q14444","","cell cycle associated protein 1(CAPRIN1)","Homo sapiens"
"CAPZA1","P52907","","capping actin protein of muscle Z-line subunit alpha 1(CAPZA1)","Homo sapiens"
"CAPZA2","P47755","","capping actin protein of muscle Z-line subunit alpha 2(CAPZA2)","Homo sapiens"
"CAPZB","P47756","","capping actin protein of muscle Z-line subunit beta(CAPZB)","Homo sapiens"
"CAST","P20810","","calpastatin(CAST)","Homo sapiens"
"CAT","P04040","","catalase(CAT)","Homo sapiens"
"CBL","P22681","","Cbl proto-oncogene(CBL)","Homo sapiens"
"CBX5","P45973","","chromobox 5(CBX5)","Homo sapiens"
"CCDC124","Q96CT7","","coiled-coil domain containing 124(CCDC124)","Homo sapiens"
"CCDC59","Q9P031","","coiled-coil domain containing 59(CCDC59)","Homo sapiens"
"CCDC93","Q567U6","","CCC complex scaffolding subunit CCDC93(CCDC93)","Homo sapiens"
"CCNH","P51946","","cyclin H(CCNH)","Homo sapiens"
"CCSER2","Q9H7U1","","coiled-coil serine rich protein 2(CCSER2)","Homo sapiens"
"CCT2","P78371","","chaperonin containing TCP1 subunit 2(CCT2)","Homo sapiens"
"CCT3","P49368","","chaperonin containing TCP1 subunit 3(CCT3)","Homo sapiens"
"CCT4","P50991","","chaperonin containing TCP1 subunit 4(CCT4)","Homo sapiens"
"CD109","Q6YHK3","","CD109 molecule(CD109)","Homo sapiens"
"CD2AP","Q9Y5K6","","CD2 associated protein(CD2AP)","Homo sapiens"
"CD44","P16070","","CD44 molecule (IN blood group)(CD44)","Homo sapiens"
"CDC16","Q13042","","cell division cycle 16(CDC16)","Homo sapiens"
"CDC37","Q16543","","cell division cycle 37, HSP90 cochaperone(CDC37)","Homo sapiens"
"CDC40","O60508","","cell division cycle 40(CDC40)","Homo sapiens"
"CDCA5","Q96FF9","","cell division cycle associated 5(CDCA5)","Homo sapiens"
"CDCA8","Q53HL2","","cell division cycle associated 8(CDCA8)","Homo sapiens"
"CDH13","P55290","","cadherin 13(CDH13)","Homo sapiens"
"CDK2","P24941","","cyclin dependent kinase 2(CDK2)","Homo sapiens"
"CDK3","Q00526","","cyclin dependent kinase 3(CDK3)","Homo sapiens"
"CDK5RAP2","Q96SN8","","CDK5 regulatory subunit associated protein 2(CDK5RAP2)","Homo sapiens"
"CDK6","Q00534","","cyclin dependent kinase 6(CDK6)","Homo sapiens"
"CDK7","P50613","","cyclin dependent kinase 7(CDK7)","Homo sapiens"
"CDKN2A","Q8N726","","cyclin dependent kinase inhibitor 2A(CDKN2A)","Homo sapiens"
"CDKN2AIP","Q9NXV6","","CDKN2A interacting protein(CDKN2AIP)","Homo sapiens"
"CDV3","Q9UKY7","","CDV3 homolog(CDV3)","Homo sapiens"
"CELF1","Q92879","","CUGBP Elav-like family member 1(CELF1)","Homo sapiens"
"CEP170","Q5SW79","","centrosomal protein 170(CEP170)","Homo sapiens"
"CEP250","Q9BV73","","centrosomal protein 250(CEP250)","Homo sapiens"
"CEP43","O95684","","centrosomal protein 43(CEP43)","Homo sapiens"
"CEP63","Q96MT8","","centrosomal protein 63(CEP63)","Homo sapiens"
"CEP76","Q8TAP6","","centrosomal protein 76(CEP76)","Homo sapiens"
"CERS6","Q6ZMG9","","ceramide synthase 6(CERS6)","Homo sapiens"
"CFL1","P23528","","cofilin 1(CFL1)","Homo sapiens"
"CFL2","Q9Y281","","cofilin 2(CFL2)","Homo sapiens"
"CGGBP1","Q9UFW8","","CGG triplet repeat binding protein 1(CGGBP1)","Homo sapiens"
"CHD1","O14646","","chromodomain helicase DNA binding protein 1(CHD1)","Homo sapiens"
"CHD2","O14647","","chromodomain helicase DNA binding protein 2(CHD2)","Homo sapiens"
"CHD3","Q12873","","chromodomain helicase DNA binding protein 3(CHD3)","Homo sapiens"
"CHD4","Q14839","","chromodomain helicase DNA binding protein 4(CHD4)","Homo sapiens"
"CHD5","Q8TDI0","","chromodomain helicase DNA binding protein 5(CHD5)","Homo sapiens"
"CHD7","Q9P2D1","","chromodomain helicase DNA binding protein 7(CHD7)","Homo sapiens"
"CHD9","Q3L8U1","","chromodomain helicase DNA binding protein 9(CHD9)","Homo sapiens"
"CHMP1B","Q7LBR1","","charged multivesicular body protein 1B(CHMP1B)","Homo sapiens"
"CHMP2B","Q9UQN3","","charged multivesicular body protein 2B(CHMP2B)","Homo sapiens"
"CHORDC1","Q9UHD1","","cysteine and histidine rich domain containing 1(CHORDC1)","Homo sapiens"
"CIB1","Q99828","","calcium and integrin binding 1(CIB1)","Homo sapiens"
"CIP2A","Q8TCG1","","cellular inhibitor of PP2A(CIP2A)","Homo sapiens"
"CIT","O14578","","citron rho-interacting serine/threonine kinase(CIT)","Homo sapiens"
"CKS2","P33552","","CDC28 protein kinase regulatory subunit 2(CKS2)","Homo sapiens"
"CLASP2","O75122","","cytoplasmic linker associated protein 2(CLASP2)","Homo sapiens"
"CLIP1","P30622","","CAP-Gly domain containing linker protein 1(CLIP1)","Homo sapiens"
"CLNS1A","P54105","","chloride nucleotide-sensitive channel 1A(CLNS1A)","Homo sapiens"
"CLPTM1L","Q96KA5","","CLPTM1 like(CLPTM1L)","Homo sapiens"
"CLTB","P09497","","clathrin light chain B(CLTB)","Homo sapiens"
"CLTC","Q00610","","clathrin heavy chain(CLTC)","Homo sapiens"
"CLTCL1","P53675","","clathrin heavy chain like 1(CLTCL1)","Homo sapiens"
"CMSS1","Q9BQ75","","cms1 ribosomal small subunit homolog(CMSS1)","Homo sapiens"
"CMTR1","Q8N1G2","","cap methyltransferase 1(CMTR1)","Homo sapiens"
"CNN1","P51911","","calponin 1(CNN1)","Homo sapiens"
"CNN2","Q99439","","calponin 2(CNN2)","Homo sapiens"
"CNOT6","Q9ULM6","","CCR4-NOT transcription complex subunit 6(CNOT6)","Homo sapiens"
"CNOT6L","Q96LI5","","CCR4-NOT transcription complex subunit 6 like(CNOT6L)","Homo sapiens"
"CNOT9","Q92600","","CCR4-NOT transcription complex subunit 9(CNOT9)","Homo sapiens"
"COASY","Q13057","","Coenzyme A synthase(COASY)","Homo sapiens"
"COG2","Q14746","","component of oligomeric golgi complex 2(COG2)","Homo sapiens"
"COG5","Q9UP83","","component of oligomeric golgi complex 5(COG5)","Homo sapiens"
"COMMD4","Q9H0A8","","COMM domain containing 4(COMMD4)","Homo sapiens"
"COMMD8","Q9NX08","","COMM domain containing 8(COMMD8)","Homo sapiens"
"COPG2","Q9UBF2","","COPI coat complex subunit gamma 2(COPG2)","Homo sapiens"
"COPS4","Q9BT78","","COP9 signalosome subunit 4(COPS4)","Homo sapiens"
"COPS6","Q7L5N1","","COP9 signalosome subunit 6(COPS6)","Homo sapiens"
"CORO1B","Q9BR76","","coronin 1B(CORO1B)","Homo sapiens"
"CP","P00450","","ceruloplasmin(CP)","Homo sapiens"
"CPEB2","Q7Z5Q1,Q17RY0","","cytoplasmic polyadenylation element binding protein 2(CPEB2)","Homo sapiens"
"CPEB3","Q17RY0,Q8NE35","","cytoplasmic polyadenylation element binding protein 3(CPEB3)","Homo sapiens"
"CPEB4","Q17RY0","","cytoplasmic polyadenylation element binding protein 4(CPEB4)","Homo sapiens"
"CPSF1","Q10570","","cleavage and polyadenylation specific factor 1(CPSF1)","Homo sapiens"
"CPT1A","P50416","","carnitine palmitoyltransferase 1A(CPT1A)","Homo sapiens"
"CRKL","P46109","","CRK like proto-oncogene, adaptor protein(CRKL)","Homo sapiens"
"CRYBG1","Q9Y4K1","","crystallin beta-gamma domain containing 1(CRYBG1)","Homo sapiens"
"CS","O75390","","citrate synthase(CS)","Homo sapiens"
"CSNK2A2","P19784","","casein kinase 2 alpha 2(CSNK2A2)","Homo sapiens"
"CSTA","P01040","","cystatin A(CSTA)","Homo sapiens"
"CTBP1","Q13363","","C-terminal binding protein 1(CTBP1)","Homo sapiens"
"CTNNAL1","Q9UBT7","","catenin alpha like 1(CTNNAL1)","Homo sapiens"
"CTNNB1","P35222","","catenin beta 1(CTNNB1)","Homo sapiens"
"CTNNBL1","Q8WYA6","","catenin beta like 1(CTNNBL1)","Homo sapiens"
"CTNND1","O60716","","catenin delta 1(CTNND1)","Homo sapiens"
"CTR9","Q6PD62","","CTR9 homolog, Paf1/RNA polymerase II complex component(CTR9)","Homo sapiens"
"CTSC","P53634","","cathepsin C(CTSC)","Homo sapiens"
"CUL4A","Q13619","","cullin 4A(CUL4A)","Homo sapiens"
"CUL5","Q93034","","cullin 5(CUL5)","Homo sapiens"
"CUL7","Q14999","","cullin 7(CUL7)","Homo sapiens"
"CUL9","Q8IWT3","","cullin 9(CUL9)","Homo sapiens"
"CUTC","Q9NTM9","","cutC copper transporter(CUTC)","Homo sapiens"
"CWC27","Q6UX04","","CWC27 spliceosome associated cyclophilin(CWC27)","Homo sapiens"
"CYB5B","O43169","","cytochrome b5 type B(CYB5B)","Homo sapiens"
"CYCS","P99999","","cytochrome c, somatic(CYCS)","Homo sapiens"
"CYFIP2","Q96F07","","cytoplasmic FMR1 interacting protein 2(CYFIP2)","Homo sapiens"
"CYP4X1","Q8N118","","cytochrome P450 family 4 subfamily X member 1(CYP4X1)","Homo sapiens"
"CZIB","Q9NWV4","","CXXC motif containing zinc binding protein(CZIB)","Homo sapiens"
"DAB2IP","Q5VWQ8","","DAB2 interacting protein(DAB2IP)","Homo sapiens"
"DAPK1","P53355","","death associated protein kinase 1(DAPK1)","Homo sapiens"
"DAPK3","O43293","","death associated protein kinase 3(DAPK3)","Homo sapiens"
"DARS1","P14868","","aspartyl-tRNA synthetase 1(DARS1)","Homo sapiens"
"DBN1","Q16643","","drebrin 1(DBN1)","Homo sapiens"
"DBNL","Q9UJU6","","drebrin like(DBNL)","Homo sapiens"
"DBT","P11182","","dihydrolipoamide branched chain transacylase E2(DBT)","Homo sapiens"
"DCAF13","Q9NV06","","DDB1 and CUL4 associated factor 13(DCAF13)","Homo sapiens"
"DCAF8","Q5TAQ9","","DDB1 and CUL4 associated factor 8(DCAF8)","Homo sapiens"
"DCP1B","Q8IZD4","","decapping mRNA 1B(DCP1B)","Homo sapiens"
"DCTN6","O00399","","dynactin subunit 6(DCTN6)","Homo sapiens"
"DDB1","Q16531","","damage specific DNA binding protein 1(DDB1)","Homo sapiens"
"DDX10","Q13206","","DEAD-box helicase 10(DDX10)","Homo sapiens"
"DDX11","Q96FC9","","DEAD/H-box helicase 11(DDX11)","Homo sapiens"
"DDX11L8","A8MPP1","","DEAD/H-box helicase 11 like 8 (pseudogene)(DDX11L8)","Homo sapiens"
"DDX12P","Q92771","","DEAD/H-box helicase 12, pseudogene(DDX12P)","Homo sapiens"
"DDX18","Q9NVP1","","DEAD-box helicase 18(DDX18)","Homo sapiens"
"DDX21","Q9NR30","","DExD-box helicase 21(DDX21)","Homo sapiens"
"DDX24","Q9GZR7","","DEAD-box helicase 24(DDX24)","Homo sapiens"
"DDX27","Q96GQ7","","DEAD-box helicase 27(DDX27)","Homo sapiens"
"DDX31","Q9H8H2","","DEAD-box helicase 31(DDX31)","Homo sapiens"
"DDX42","Q86XP3","","DEAD-box helicase 42(DDX42)","Homo sapiens"
"DDX47","Q9H0S4","","DEAD-box helicase 47(DDX47)","Homo sapiens"
"DDX49","Q9Y6V7","","DEAD-box helicase 49(DDX49)","Homo sapiens"
"DDX50","Q9BQ39","","DExD-box helicase 50(DDX50)","Homo sapiens"
"DDX56","Q9NY93","","DEAD-box helicase 56(DDX56)","Homo sapiens"
"DDX60L","Q5H9U9","","DExD/H-box 60 like(DDX60L)","Homo sapiens"
"DGKA","P23743","","diacylglycerol kinase alpha(DGKA)","Homo sapiens"
"DHCR7","Q9UBM7","","7-dehydrocholesterol reductase(DHCR7)","Homo sapiens"
"DHRS1","Q96LJ7","","dehydrogenase/reductase 1(DHRS1)","Homo sapiens"
"DHRS2","Q13268","","dehydrogenase/reductase 2(DHRS2)","Homo sapiens"
"DHX15","O43143","","DEAH-box helicase 15(DHX15)","Homo sapiens"
"DHX29","Q7Z478","","DExH-box helicase 29(DHX29)","Homo sapiens"
"DHX33","Q9H6R0","","DEAH-box helicase 33(DHX33)","Homo sapiens"
"DHX36","Q9H2U1","","DEAH-box helicase 36(DHX36)","Homo sapiens"
"DHX37","Q8IY37","","DEAH-box helicase 37(DHX37)","Homo sapiens"
"DHX38","Q92620","","DEAH-box helicase 38(DHX38)","Homo sapiens"
"DIAPH1","O60610","","diaphanous related formin 1(DIAPH1)","Homo sapiens"
"DIAPH2","O60879","","diaphanous related formin 2(DIAPH2)","Homo sapiens"
"DIDO1","Q9BTC0","","death inducer-obliterator 1(DIDO1)","Homo sapiens"
"DIMT1","Q9UNQ2","","DIM1 rRNA methyltransferase and ribosome maturation factor(DIMT1)","Homo sapiens"
"DIP2A","Q14689","","disco interacting protein 2 homolog A(DIP2A)","Homo sapiens"
"DIP2B","Q9P265","","disco interacting protein 2 homolog B(DIP2B)","Homo sapiens"
"DIS3","Q9Y2L1","","DIS3 homolog, exosome endoribonuclease and 3'-5' exoribonuclease(DIS3)","Homo sapiens"
"DLGAP5","Q15398","","DLG associated protein 5(DLGAP5)","Homo sapiens"
"DNAJA1","P31689","","DnaJ heat shock protein family (Hsp40) member A1(DNAJA1)","Homo sapiens"
"DNAJC1","Q96KC8","","DnaJ heat shock protein family (Hsp40) member C1(DNAJC1)","Homo sapiens"
"DNAJC9","Q8WXX5","","DnaJ heat shock protein family (Hsp40) member C9(DNAJC9)","Homo sapiens"
"DNM1L","O00429","","dynamin 1 like(DNM1L)","Homo sapiens"
"DNM2","P50570","","dynamin 2(DNM2)","Homo sapiens"
"DOCK8","Q8NF50","","dedicator of cytokinesis 8(DOCK8)","Homo sapiens"
"DOP1B","Q9Y3R5","","DOP1 leucine zipper like protein B(DOP1B)","Homo sapiens"
"DPEP2","Q9UBB5","","dipeptidase 2(DPEP2)","Homo sapiens"
"DPEP3","O95983","","dipeptidase 3(DPEP3)","Homo sapiens"
"DPF2","Q92785","","double PHD fingers 2(DPF2)","Homo sapiens"
"DPP8","Q6V1X1","","dipeptidyl peptidase 8(DPP8)","Homo sapiens"
"DSC3","Q14574","","desmocollin 3(DSC3)","Homo sapiens"
"DSG2","Q14126","","desmoglein 2(DSG2)","Homo sapiens"
"DTNBP1","Q96EV8","","dystrobrevin binding protein 1(DTNBP1)","Homo sapiens"
"DVL3","Q92997","","dishevelled segment polarity protein 3(DVL3)","Homo sapiens"
"DYNLRB1","Q9NP97","","dynein light chain roadblock-type 1(DYNLRB1)","Homo sapiens"
"ECHDC1","Q9NTX5","","ethylmalonyl-CoA decarboxylase 1(ECHDC1)","Homo sapiens"
"ECHS1","P30084","","enoyl-CoA hydratase, short chain 1(ECHS1)","Homo sapiens"
"ECPAS","Q5VYK3","","Ecm29 proteasome adaptor and scaffold(ECPAS)","Homo sapiens"
"ECT2","Q9H8V3","","epithelial cell transforming 2(ECT2)","Homo sapiens"
"EDC4","Q6P2E9","","enhancer of mRNA decapping 4(EDC4)","Homo sapiens"
"EDF1","O60869","","endothelial differentiation related factor 1(EDF1)","Homo sapiens"
"EED","O75530","","embryonic ectoderm development(EED)","Homo sapiens"
"EEF1A1","P68104","","eukaryotic translation elongation factor 1 alpha 1(EEF1A1)","Homo sapiens"
"EEF1A1P5","Q5VTE0","","eukaryotic translation elongation factor 1 alpha 1 pseudogene 5(EEF1A1P5)","Homo sapiens"
"EEF1A2","Q05639","","eukaryotic translation elongation factor 1 alpha 2(EEF1A2)","Homo sapiens"
"EEF1E1","O43324","","eukaryotic translation elongation factor 1 epsilon 1(EEF1E1)","Homo sapiens"
"EIF2A","Q9BY44","","eukaryotic translation initiation factor 2A(EIF2A)","Homo sapiens"
"EIF2AK2","P19525","","eukaryotic translation initiation factor 2 alpha kinase 2(EIF2AK2)","Homo sapiens"
"EIF2B1","Q14232","","eukaryotic translation initiation factor 2B subunit alpha(EIF2B1)","Homo sapiens"
"EIF2B4","Q9UI10","","eukaryotic translation initiation factor 2B subunit delta(EIF2B4)","Homo sapiens"
"EIF2B5","Q13144","","eukaryotic translation initiation factor 2B subunit epsilon(EIF2B5)","Homo sapiens"
"EIF2D","P41214","","eukaryotic translation initiation factor 2D(EIF2D)","Homo sapiens"
"EIF2S2","P20042","","eukaryotic translation initiation factor 2 subunit beta(EIF2S2)","Homo sapiens"
"EIF3E","P60228","","eukaryotic translation initiation factor 3 subunit E(EIF3E)","Homo sapiens"
"EIF4E","P06730","","eukaryotic translation initiation factor 4E(EIF4E)","Homo sapiens"
"EIF4E2","O60573","","eukaryotic translation initiation factor 4E family member 2(EIF4E2)","Homo sapiens"
"EIF4G1","Q04637","","eukaryotic translation initiation factor 4 gamma 1(EIF4G1)","Homo sapiens"
"EIF4G3","O43432","","eukaryotic translation initiation factor 4 gamma 3(EIF4G3)","Homo sapiens"
"EIF5B","O60841","","eukaryotic translation initiation factor 5B(EIF5B)","Homo sapiens"
"ELAC2","Q9BQ52","","elaC ribonuclease Z 2(ELAC2)","Homo sapiens"
"ELF2","Q15723","","E74 like ETS transcription factor 2(ELF2)","Homo sapiens"
"ELOC","Q15369","","elongin C(ELOC)","Homo sapiens"
"EMC7","Q9NPA0","","ER membrane protein complex subunit 7(EMC7)","Homo sapiens"
"ENO1","P06733","","enolase 1(ENO1)","Homo sapiens"
"ENO2","P09104","","enolase 2(ENO2)","Homo sapiens"
"ENO3","P13929","","enolase 3(ENO3)","Homo sapiens"
"ENSA","O43768","","endosulfine alpha(ENSA)","Homo sapiens"
"EPB41","P11171","","erythrocyte membrane protein band 4.1(EPB41)","Homo sapiens"
"EPB41L5","Q9HCM4","","erythrocyte membrane protein band 4.1 like 5(EPB41L5)","Homo sapiens"
"EPRS1","P07814","","glutamyl-prolyl-tRNA synthetase 1(EPRS1)","Homo sapiens"
"EPS15","P42566","","epidermal growth factor receptor pathway substrate 15(EPS15)","Homo sapiens"
"ERC1","Q8IUD2","","ELKS/RAB6-interacting/CAST family member 1(ERC1)","Homo sapiens"
"ERC2","O15083","","ELKS/RAB6-interacting/CAST family member 2(ERC2)","Homo sapiens"
"ERCC2","P18074","","ERCC excision repair 2, TFIIH core complex helicase subunit(ERCC2)","Homo sapiens"
"ERCC3","P19447","","ERCC excision repair 3, TFIIH core complex helicase subunit(ERCC3)","Homo sapiens"
"ERCC6L","Q2NKX8","","ERCC excision repair 6 like, spindle assembly checkpoint helicase(ERCC6L)","Homo sapiens"
"ERLIN2","O94905","","ER lipid raft associated 2(ERLIN2)","Homo sapiens"
"ERP44","Q9BS26","","endoplasmic reticulum protein 44(ERP44)","Homo sapiens"
"ESF1","Q9H501","","ESF1 nucleolar pre-rRNA processing protein homolog(ESF1)","Homo sapiens"
"EXD2","Q9NVH0","","exonuclease 3'-5' domain containing 2(EXD2)","Homo sapiens"
"EXOC6","Q8TAG9","","exocyst complex component 6(EXOC6)","Homo sapiens"
"EXOSC10","Q01780","","exosome component 10(EXOSC10)","Homo sapiens"
"EXOSC2","Q13868","","exosome component 2(EXOSC2)","Homo sapiens"
"EXOSC3","Q9NQT5","","exosome component 3(EXOSC3)","Homo sapiens"
"EXOSC5","Q9NQT4","","exosome component 5(EXOSC5)","Homo sapiens"
"EXOSC9","Q06265","","exosome component 9(EXOSC9)","Homo sapiens"
"EZR","P15311","","ezrin(EZR)","Homo sapiens"
"FABP5","Q01469","","fatty acid binding protein 5(FABP5)","Homo sapiens"
"FADD","Q13158","","Fas associated via death domain(FADD)","Homo sapiens"
"FADS2","O95864","","fatty acid desaturase 2(FADS2)","Homo sapiens"
"FAF1","Q9UNN5","","Fas associated factor 1(FAF1)","Homo sapiens"
"FAH","P16930","","fumarylacetoacetate hydrolase(FAH)","Homo sapiens"
"FAHD2A","Q96GK7","","fumarylacetoacetate hydrolase domain containing 2A(FAHD2A)","Homo sapiens"
"FAHD2B","Q6P2I3","","fumarylacetoacetate hydrolase domain containing 2B(FAHD2B)","Homo sapiens"
"FAM111A","Q96PZ2","","FAM111 trypsin like peptidase A(FAM111A)","Homo sapiens"
"FAM210A","Q96ND0","","family with sequence similarity 210 member A(FAM210A)","Homo sapiens"
"FAM50A","Q14320","","family with sequence similarity 50 member A(FAM50A)","Homo sapiens"
"FAM50B","Q9Y247","","family with sequence similarity 50 member B(FAM50B)","Homo sapiens"
"FAM98B","Q52LJ0","","family with sequence similarity 98 member B(FAM98B)","Homo sapiens"
"FANCI","Q9NVI1","","FA complementation group I(FANCI)","Homo sapiens"
"FARSA","Q9Y285","","phenylalanyl-tRNA synthetase subunit alpha(FARSA)","Homo sapiens"
"FBRSL1","Q9HCM7","","fibrosin like 1(FBRSL1)","Homo sapiens"
"FBXL18","Q96ME1","","F-box and leucine rich repeat protein 18(FBXL18)","Homo sapiens"
"FBXO45","P0C2W1","","F-box protein 45(FBXO45)","Homo sapiens"
"FBXW11","Q9UKB1","","F-box and WD repeat domain containing 11(FBXW11)","Homo sapiens"
"FDPS","P14324","","farnesyl diphosphate synthase(FDPS)","Homo sapiens"
"FECH","P22830","","ferrochelatase(FECH)","Homo sapiens"
"FEN1","P39748","","flap structure-specific endonuclease 1(FEN1)","Homo sapiens"
"FERMT2","Q96AC1","","FERM domain containing kindlin 2(FERMT2)","Homo sapiens"
"FGB","P02675","","fibrinogen beta chain(FGB)","Homo sapiens"
"FH","P07954","","fumarate hydratase(FH)","Homo sapiens"
"FHIP2A","Q5W0V3","","FHF complex subunit HOOK interacting protein 2A(FHIP2A)","Homo sapiens"
"FN1","P02751","","fibronectin 1(FN1)","Homo sapiens"
"FOCAD","Q5VW36","","focadhesin(FOCAD)","Homo sapiens"
"FRYL","O94915","","FRY like transcription coactivator(FRYL)","Homo sapiens"
"FSAF1","Q8NDD1","","40S small subunit processome assembly factor 1(FSAF1)","Homo sapiens"
"FTSJ3","Q8IY81","","FtsJ RNA 2'-O-methyltransferase 3(FTSJ3)","Homo sapiens"
"FXR2","P51116","","FMR1 autosomal homolog 2(FXR2)","Homo sapiens"
"G3BP1","Q13283","","G3BP stress granule assembly factor 1(G3BP1)","Homo sapiens"
"G3BP2","Q9UN86","","G3BP stress granule assembly factor 2(G3BP2)","Homo sapiens"
"GALK1","P51570","","galactokinase 1(GALK1)","Homo sapiens"
"GANAB","Q14697","","glucosidase II alpha subunit(GANAB)","Homo sapiens"
"GAPDH","P04406","","glyceraldehyde-3-phosphate dehydrogenase(GAPDH)","Homo sapiens"
"GAPDHP44","P04406","","glyceraldehyde 3 phosphate dehydrogenase pseudogene 44(GAPDHP44)","Homo sapiens"
"GART","P22102","","phosphoribosylglycinamide formyltransferase, phosphoribosylglycinamide synthetase, phosphoribosylaminoimidazole synthetase(GART)","Homo sapiens"
"GATA3","P23771","","GATA binding protein 3(GATA3)","Homo sapiens"
"GATAD2A","Q86YP4","","GATA zinc finger domain containing 2A(GATAD2A)","Homo sapiens"
"GATAD2B","Q8WXI9","","GATA zinc finger domain containing 2B(GATAD2B)","Homo sapiens"
"GBF1","Q92538","","golgi brefeldin A resistant guanine nucleotide exchange factor 1(GBF1)","Homo sapiens"
"GBP1","P32455","","guanylate binding protein 1(GBP1)","Homo sapiens"
"GBP2","P32456","","guanylate binding protein 2(GBP2)","Homo sapiens"
"GCC2","Q8IWJ2","","GRIP and coiled-coil domain containing 2(GCC2)","Homo sapiens"
"GCN1","Q92616","","GCN1 activator of EIF2AK4(GCN1)","Homo sapiens"
"GDA","Q9Y2T3","","guanine deaminase(GDA)","Homo sapiens"
"GDI2","P50395","","GDP dissociation inhibitor 2(GDI2)","Homo sapiens"
"GET3","O43681","","guided entry of tail-anchored proteins factor 3, ATPase(GET3)","Homo sapiens"
"GID8","Q9NWU2","","GID complex subunit 8 homolog(GID8)","Homo sapiens"
"GIGYF1","O75420","","GRB10 interacting GYF protein 1(GIGYF1)","Homo sapiens"
"GIPC1","O14908","","GIPC PDZ domain containing family member 1(GIPC1)","Homo sapiens"
"GLG1","Q92896","","golgi glycoprotein 1(GLG1)","Homo sapiens"
"GLUD1","P00367","","glutamate dehydrogenase 1(GLUD1)","Homo sapiens"
"GLUD2","P49448","","glutamate dehydrogenase 2(GLUD2)","Homo sapiens"
"GNA13","Q14344","","G protein subunit alpha 13(GNA13)","Homo sapiens"
"GNAI2","P04899","","G protein subunit alpha i2(GNAI2)","Homo sapiens"
"GNAQ","P50148","","G protein subunit alpha q(GNAQ)","Homo sapiens"
"GNAS","Q5JWF2,P63092","","GNAS complex locus(GNAS)","Homo sapiens"
"GNL3L","Q9NVN8","","G protein nucleolar 3 like(GNL3L)","Homo sapiens"
"GNPDA1","P46926","","glucosamine-6-phosphate deaminase 1(GNPDA1)","Homo sapiens"
"GOLGA4","Q13439","","golgin A4(GOLGA4)","Homo sapiens"
"GOLPH3","Q9H4A6","","golgi phosphoprotein 3(GOLPH3)","Homo sapiens"
"GOPC","Q9HD26","","golgi associated PDZ and coiled-coil motif containing(GOPC)","Homo sapiens"
"GOT2","P00505","","glutamic-oxaloacetic transaminase 2(GOT2)","Homo sapiens"
"GPATCH1","Q9BRR8","","G-patch domain containing 1(GPATCH1)","Homo sapiens"
"GPC1","P35052","","glypican 1(GPC1)","Homo sapiens"
"GPC4","O75487","","glypican 4(GPC4)","Homo sapiens"
"GPI","P06744","","glucose-6-phosphate isomerase(GPI)","Homo sapiens"
"GPKOW","Q92917","","G-patch domain and KOW motifs(GPKOW)","Homo sapiens"
"GPRC5A","Q8NFJ5","","G protein-coupled receptor class C group 5 member A(GPRC5A)","Homo sapiens"
"GRAMD1C","Q8IYS0","","GRAM domain containing 1C(GRAMD1C)","Homo sapiens"
"GRAMD4","Q6IC98","","GRAM domain containing 4(GRAMD4)","Homo sapiens"
"GRB2","P62993","","growth factor receptor bound protein 2(GRB2)","Homo sapiens"
"GRB7","Q14451","","growth factor receptor bound protein 7(GRB7)","Homo sapiens"
"GRK2","P25098","","G protein-coupled receptor kinase 2(GRK2)","Homo sapiens"
"GRK3","P35626","","G protein-coupled receptor kinase 3(GRK3)","Homo sapiens"
"GRSF1","Q12849","","G-rich RNA sequence binding factor 1(GRSF1)","Homo sapiens"
"GSTM1","P09488","","glutathione S-transferase mu 1(GSTM1)","Homo sapiens"
"GSTM2","P28161","","glutathione S-transferase mu 2(GSTM2)","Homo sapiens"
"GSTO1","P78417","","glutathione S-transferase omega 1(GSTO1)","Homo sapiens"
"GSTP1","P09211","","glutathione S-transferase pi 1(GSTP1)","Homo sapiens"
"GSTZ1","O43708","","glutathione S-transferase zeta 1(GSTZ1)","Homo sapiens"
"GTF2E1","P29083","","general transcription factor IIE subunit 1(GTF2E1)","Homo sapiens"
"GTF2E2","P29084","","general transcription factor IIE subunit 2(GTF2E2)","Homo sapiens"
"GTF2F2","P13984","","general transcription factor IIF subunit 2(GTF2F2)","Homo sapiens"
"GTF2H4","Q92759","","general transcription factor IIH subunit 4(GTF2H4)","Homo sapiens"
"GTF3C1","Q12789","","general transcription factor IIIC subunit 1(GTF3C1)","Homo sapiens"
"GTF3C3","Q9Y5Q9","","general transcription factor IIIC subunit 3(GTF3C3)","Homo sapiens"
"GTF3C4","Q9UKN8","","general transcription factor IIIC subunit 4(GTF3C4)","Homo sapiens"
"GTF3C5","Q9Y5Q8","","general transcription factor IIIC subunit 5(GTF3C5)","Homo sapiens"
"H2AC1","Q96QV6","","H2A clustered histone 1(H2AC1)","Homo sapiens"
"H2AC11","P0C0S8","","H2A clustered histone 11(H2AC11)","Homo sapiens"
"H2AC12","Q96KK5","","H2A clustered histone 12(H2AC12)","Homo sapiens"
"H2AC13","P0C0S8","","H2A clustered histone 13(H2AC13)","Homo sapiens"
"H2AC14","Q99878","","H2A clustered histone 14(H2AC14)","Homo sapiens"
"H2AC15","P0C0S8","","H2A clustered histone 15(H2AC15)","Homo sapiens"
"H2AC16","P0C0S8","","H2A clustered histone 16(H2AC16)","Homo sapiens"
"H2AC17","P0C0S8","","H2A clustered histone 17(H2AC17)","Homo sapiens"
"H2AC18","Q6FI13","","H2A clustered histone 18(H2AC18)","Homo sapiens"
"H2AC19","Q6FI13","","H2A clustered histone 19(H2AC19)","Homo sapiens"
"H2AC20","Q16777","","H2A clustered histone 20(H2AC20)","Homo sapiens"
"H2AC25","Q7L7L0","","H2A clustered histone 25(H2AC25)","Homo sapiens"
"H2AC4","P04908","","H2A clustered histone 4(H2AC4)","Homo sapiens"
"H2AC6","Q93077","","H2A clustered histone 6(H2AC6)","Homo sapiens"
"H2AC7","P20671","","H2A clustered histone 7(H2AC7)","Homo sapiens"
"H2AC8","P04908","","H2A clustered histone 8(H2AC8)","Homo sapiens"
"H2AJ","Q9BTM1","","H2A.J histone(H2AJ)","Homo sapiens"
"H2AX","P16104","","H2A.X variant histone(H2AX)","Homo sapiens"
"H3-3A","P84243","","H3.3 histone A(H3-3A)","Homo sapiens"
"H3-3B","P84243","","H3.3 histone B(H3-3B)","Homo sapiens"
"H3-4","Q16695","","H3.4 histone, cluster member(H3-4)","Homo sapiens"
"H3-5","Q6NXT2","","H3.5 histone(H3-5)","Homo sapiens"
"H3-7","Q5TEC6","","H3.7 histone (putative)(H3-7)","Homo sapiens"
"H3C1","P68431","","H3 clustered histone 1(H3C1)","Homo sapiens"
"H3C10","P68431","","H3 clustered histone 10(H3C10)","Homo sapiens"
"H3C11","P68431","","H3 clustered histone 11(H3C11)","Homo sapiens"
"H3C12","P68431","","H3 clustered histone 12(H3C12)","Homo sapiens"
"H3C13","Q71DI3","","H3 clustered histone 13(H3C13)","Homo sapiens"
"H3C14","Q71DI3","","H3 clustered histone 14(H3C14)","Homo sapiens"
"H3C15","Q71DI3","","H3 clustered histone 15(H3C15)","Homo sapiens"
"H3C2","P68431","","H3 clustered histone 2(H3C2)","Homo sapiens"
"H3C3","P68431","","H3 clustered histone 3(H3C3)","Homo sapiens"
"H3C4","P68431","","H3 clustered histone 4(H3C4)","Homo sapiens"
"H3C6","P68431","","H3 clustered histone 6(H3C6)","Homo sapiens"
"H3C7","P68431","","H3 clustered histone 7(H3C7)","Homo sapiens"
"H3C8","P68431","","H3 clustered histone 8(H3C8)","Homo sapiens"
"HADH","Q16836","","hydroxyacyl-CoA dehydrogenase(HADH)","Homo sapiens"
"HADHA","P40939","","hydroxyacyl-CoA dehydrogenase trifunctional multienzyme complex subunit alpha(HADHA)","Homo sapiens"
"HADHB","P55084","","hydroxyacyl-CoA dehydrogenase trifunctional multienzyme complex subunit beta(HADHB)","Homo sapiens"
"HARS1","P12081","","histidyl-tRNA synthetase 1(HARS1)","Homo sapiens"
"HAT1","O14929","","histone acetyltransferase 1(HAT1)","Homo sapiens"
"HAUS5","O94927","","HAUS augmin like complex subunit 5(HAUS5)","Homo sapiens"
"HBS1L","Q9Y450","","HBS1 like translational GTPase(HBS1L)","Homo sapiens"
"HCCS","P53701","","holocytochrome c synthase(HCCS)","Homo sapiens"
"HDAC1","Q13547","","histone deacetylase 1(HDAC1)","Homo sapiens"
"HDAC2","Q92769","","histone deacetylase 2(HDAC2)","Homo sapiens"
"HDAC3","O15379","","histone deacetylase 3(HDAC3)","Homo sapiens"
"HDGF","P51858","","heparin binding growth factor(HDGF)","Homo sapiens"
"HEATR1","Q9H583","","HEAT repeat containing 1(HEATR1)","Homo sapiens"
"HIP1R","O75146","","huntingtin interacting protein 1 related(HIP1R)","Homo sapiens"
"HK1","P19367","","hexokinase 1(HK1)","Homo sapiens"
"HK2","P52789","","hexokinase 2(HK2)","Homo sapiens"
"HKDC1","Q2TB90","","hexokinase domain containing 1(HKDC1)","Homo sapiens"
"HLA-A","P04439","","major histocompatibility complex, class I, A(HLA-A)","Homo sapiens"
"HLA-B","P01889","","major histocompatibility complex, class I, B(HLA-B)","Homo sapiens"
"HLA-C","P10321","","major histocompatibility complex, class I, C(HLA-C)","Homo sapiens"
"HMGA1","P17096","","high mobility group AT-hook 1(HMGA1)","Homo sapiens"
"HMGB1","P09429","","high mobility group box 1(HMGB1)","Homo sapiens"
"HMGB1P1","B2RPK0","","high mobility group box 1 pseudogene 1(HMGB1P1)","Homo sapiens"
"HMGB2","P26583","","high mobility group box 2(HMGB2)","Homo sapiens"
"HMGCS2","P54868","","3-hydroxy-3-methylglutaryl-CoA synthase 2(HMGCS2)","Homo sapiens"
"HOMER1","Q86YM7","","homer scaffold protein 1(HOMER1)","Homo sapiens"
"HOOK1","P19367","","hook microtubule tethering protein 1(HOOK1)","Homo sapiens"
"HPGD","P15428","","15-hydroxyprostaglandin dehydrogenase(HPGD)","Homo sapiens"
"HSBP1","O75506","","heat shock factor binding protein 1(HSBP1)","Homo sapiens"
"HSD17B12","Q53GQ0","","hydroxysteroid 17-beta dehydrogenase 12(HSD17B12)","Homo sapiens"
"HSP90AA1","P07900","","heat shock protein 90 alpha family class A member 1(HSP90AA1)","Homo sapiens"
"HSP90AA2P","Q14568","","heat shock protein 90 alpha family class A member 2, pseudogene(HSP90AA2P)","Homo sapiens"
"HSP90AB4P","Q58FF6","","heat shock protein 90 alpha family class B member 4, pseudogene(HSP90AB4P)","Homo sapiens"
"HSP90B1","P14625","","heat shock protein 90 beta family member 1(HSP90B1)","Homo sapiens"
"HSP90B2P","Q58FF3","","heat shock protein 90 beta family member 2, pseudogene(HSP90B2P)","Homo sapiens"
"HSPA14","Q0VDF9","","heat shock protein family A (Hsp70) member 14(HSPA14)","Homo sapiens"
"HSPA1A","P0DMV8,P0DMV9","","heat shock protein family A (Hsp70) member 1A(HSPA1A)","Homo sapiens"
"HSPA1B","P0DMV9","","heat shock protein family A (Hsp70) member 1B(HSPA1B)","Homo sapiens"
"HSPA2","P54652","","heat shock protein family A (Hsp70) member 2(HSPA2)","Homo sapiens"
"HSPA4","P34932","","heat shock protein family A (Hsp70) member 4(HSPA4)","Homo sapiens"
"HSPA8","P11142","","heat shock protein family A (Hsp70) member 8(HSPA8)","Homo sapiens"
"HSPD1","P10809","","heat shock protein family D (Hsp60) member 1(HSPD1)","Homo sapiens"
"HSPH1","Q92598","","heat shock protein family H (Hsp110) member 1(HSPH1)","Homo sapiens"
"HTRA2","O43464","","HtrA serine peptidase 2(HTRA2)","Homo sapiens"
"IDH1","O75874","","isocitrate dehydrogenase (NADP(+)) 1(IDH1)","Homo sapiens"
"IDH3A","P50213","","isocitrate dehydrogenase (NAD(+)) 3 catalytic subunit alpha(IDH3A)","Homo sapiens"
"IDH3B","O43837","","isocitrate dehydrogenase (NAD(+)) 3 non-catalytic subunit beta(IDH3B)","Homo sapiens"
"IFT140","Q96RY7","","intraflagellar transport 140(IFT140)","Homo sapiens"
"IGFALS","P35858","","insulin like growth factor binding protein acid labile subunit(IGFALS)","Homo sapiens"
"IGKV4-1","P06312","","immunoglobulin kappa variable 4-1(IGKV4-1)","Homo sapiens"
"IK","Q13123","","IK cytokine(IK)","Homo sapiens"
"IKBKG","Q9Y6K9","","inhibitor of nuclear factor kappa B kinase regulatory subunit gamma(IKBKG)","Homo sapiens"
"IKZF2","Q9UKS7","","IKAROS family zinc finger 2(IKZF2)","Homo sapiens"
"IKZF3","Q9UKT9","","IKAROS family zinc finger 3(IKZF3)","Homo sapiens"
"IL6ST","P40189","","interleukin 6 cytokine family signal transducer(IL6ST)","Homo sapiens"
"IMP3","Q9NV31","","IMP U3 small nucleolar ribonucleoprotein 3(IMP3)","Homo sapiens"
"INPP5K","Q9BT40","","inositol polyphosphate-5-phosphatase K(INPP5K)","Homo sapiens"
"INSL6","Q5UIP0","","insulin like 6(INSL6)","Homo sapiens"
"INTS10","Q9NVR2","","integrator complex subunit 10(INTS10)","Homo sapiens"
"INTS11","Q5TA45","","integrator complex subunit 11(INTS11)","Homo sapiens"
"INTS13","Q9NVM9","","integrator complex subunit 13(INTS13)","Homo sapiens"
"INTS14","Q96SY0","","integrator complex subunit 14(INTS14)","Homo sapiens"
"INTS3","Q68E01","","integrator complex subunit 3(INTS3)","Homo sapiens"
"IPO11","Q9UI26","","importin 11(IPO11)","Homo sapiens"
"IPO4","Q8TEX9","","importin 4(IPO4)","Homo sapiens"
"IPO7","O95373","","importin 7(IPO7)","Homo sapiens"
"IPO8","O15397","","importin 8(IPO8)","Homo sapiens"
"IQGAP1","P46940","","IQ motif containing GTPase activating protein 1(IQGAP1)","Homo sapiens"
"IQGAP3","Q86VI3","","IQ motif containing GTPase activating protein 3(IQGAP3)","Homo sapiens"
"IRF2BP2","Q7Z5L9","","interferon regulatory factor 2 binding protein 2(IRF2BP2)","Homo sapiens"
"ITGA3","P26006","","integrin subunit alpha 3(ITGA3)","Homo sapiens"
"ITGB1","P05556","","integrin subunit beta 1(ITGB1)","Homo sapiens"
"ITGB4","P16144","","integrin subunit beta 4(ITGB4)","Homo sapiens"
"ITGB6","P18564","","integrin subunit beta 6(ITGB6)","Homo sapiens"
"ITIH1","P19827","","inter-alpha-trypsin inhibitor heavy chain 1(ITIH1)","Homo sapiens"
"ITIH2","P19823","","inter-alpha-trypsin inhibitor heavy chain 2(ITIH2)","Homo sapiens"
"ITIH3","Q06033","","inter-alpha-trypsin inhibitor heavy chain 3(ITIH3)","Homo sapiens"
"ITPR2","Q14571","","inositol 1,4,5-trisphosphate receptor type 2(ITPR2)","Homo sapiens"
"ITPR3","Q14573","","inositol 1,4,5-trisphosphate receptor type 3(ITPR3)","Homo sapiens"
"JUP","P14923","","junction plakoglobin(JUP)","Homo sapiens"
"KANSL3","Q9P2N6","","KAT8 regulatory NSL complex subunit 3(KANSL3)","Homo sapiens"
"KARS1","Q15046","","lysyl-tRNA synthetase 1(KARS1)","Homo sapiens"
"KAT7","O95251","","lysine acetyltransferase 7(KAT7)","Homo sapiens"
"KDM2A","Q9Y2K7","","lysine demethylase 2A(KDM2A)","Homo sapiens"
"KDM3B","Q7LBC6","","lysine demethylase 3B(KDM3B)","Homo sapiens"
"KDM6A","O15550","","lysine demethylase 6A(KDM6A)","Homo sapiens"
"KIAA0753","Q2KHM9","","KIAA0753(KIAA0753)","Homo sapiens"
"KIAA1328","Q86T90","","KIAA1328(KIAA1328)","Homo sapiens"
"KIAA2013","Q8IYS2","","KIAA2013(KIAA2013)","Homo sapiens"
"KIF11","P52732","","kinesin family member 11(KIF11)","Homo sapiens"
"KIF20B","Q96Q89","","kinesin family member 20B(KIF20B)","Homo sapiens"
"KIF21A","Q7Z4S6","","kinesin family member 21A(KIF21A)","Homo sapiens"
"KIF21B","O75037","","kinesin family member 21B(KIF21B)","Homo sapiens"
"KIF22","Q14807","","kinesin family member 22(KIF22)","Homo sapiens"
"KIF2C","Q99661","","kinesin family member 2C(KIF2C)","Homo sapiens"
"KIF5B","P33176","","kinesin family member 5B(KIF5B)","Homo sapiens"
"KIFC1","Q9BW19","","kinesin family member C1(KIFC1)","Homo sapiens"
"KLC1","Q07866","","kinesin light chain 1(KLC1)","Homo sapiens"
"KLC4","Q9NSK0","","kinesin light chain 4(KLC4)","Homo sapiens"
"KLK7","P49862","","kallikrein related peptidase 7(KLK7)","Homo sapiens"
"KNSTRN","Q9Y448","","kinetochore localized astrin (SPAG5) binding protein(KNSTRN)","Homo sapiens"
"KPNB1","Q14974","","karyopherin subunit beta 1(KPNB1)","Homo sapiens"
"KRR1","Q13601","","KRR1 small subunit processome component homolog(KRR1)","Homo sapiens"
"KRT15","P19012","","keratin 15(KRT15)","Homo sapiens"
"KRT25","Q7Z3Z0","","keratin 25(KRT25)","Homo sapiens"
"KRT27","Q7Z3Y8","","keratin 27(KRT27)","Homo sapiens"
"KRT4","P19013","","keratin 4(KRT4)","Homo sapiens"
"KRT71","Q3SY84","","keratin 71(KRT71)","Homo sapiens"
"KRT72","Q14CN4","","keratin 72(KRT72)","Homo sapiens"
"KRT73","Q86Y46","","keratin 73(KRT73)","Homo sapiens"
"KRT84","Q9NSB2","","keratin 84(KRT84)","Homo sapiens"
"KTN1","Q86UP2","","kinectin 1(KTN1)","Homo sapiens"
"KYAT3","Q6YP21","","kynurenine aminotransferase 3(KYAT3)","Homo sapiens"
"L3MBTL3","Q96JM7","","L3MBTL histone methyl-lysine binding protein 3(L3MBTL3)","Homo sapiens"
"LAGE3","Q14657","","L antigen family member 3(LAGE3)","Homo sapiens"
"LAMA3","Q16787","","laminin subunit alpha 3(LAMA3)","Homo sapiens"
"LAMC2","Q13753","","laminin subunit gamma 2(LAMC2)","Homo sapiens"
"LAMP1","P11279","","lysosomal associated membrane protein 1(LAMP1)","Homo sapiens"
"LAMTOR3","Q9UHA4","","late endosomal/lysosomal adaptor, MAPK and MTOR activator 3(LAMTOR3)","Homo sapiens"
"LAMTOR4","Q0VGL1","","late endosomal/lysosomal adaptor, MAPK and MTOR activator 4(LAMTOR4)","Homo sapiens"
"LAP3","P28838","","leucine aminopeptidase 3(LAP3)","Homo sapiens"
"LAS1L","Q9Y4W2","","LAS1 like ribosome biogenesis factor(LAS1L)","Homo sapiens"
"LCLAT1","Q6UWP7","","lysocardiolipin acyltransferase 1(LCLAT1)","Homo sapiens"
"LCMT1","Q9UIC8","","leucine carboxyl methyltransferase 1(LCMT1)","Homo sapiens"
"LCMT2","O60294","","leucine carboxyl methyltransferase 2(LCMT2)","Homo sapiens"
"LCP1","P13796","","lymphocyte cytosolic protein 1(LCP1)","Homo sapiens"
"LDAH","Q9H6V9","","lipid droplet associated hydrolase(LDAH)","Homo sapiens"
"LDHB","P07195","","lactate dehydrogenase B(LDHB)","Homo sapiens"
"LENG1","Q96BZ8","","leukocyte receptor cluster member 1(LENG1)","Homo sapiens"
"LGALS8","O00214","","galectin 8(LGALS8)","Homo sapiens"
"LIG3","P49916","","DNA ligase 3(LIG3)","Homo sapiens"
"LIMA1","Q9UHB6","","LIM domain and actin binding 1(LIMA1)","Homo sapiens"
"LMAN1","P49257","","lectin, mannose binding 1(LMAN1)","Homo sapiens"
"LMO7","Q8WWI1","","LIM domain 7(LMO7)","Homo sapiens"
"LOC102724159","Q15269","","periodic tryptophan protein 2 homolog(LOC102724159)","Homo sapiens"
"LOC128966627","Q9BTW9","","tubulin-specific chaperone D-like(LOC128966627)","Homo sapiens"
"LOC128966632","Q96Q15","","serine/threonine-protein kinase SMG1-like(LOC128966632)","Homo sapiens"
"LONP2","Q86WA8","","lon peptidase 2, peroxisomal(LONP2)","Homo sapiens"
"LPCAT3","Q6P1A2","","lysophosphatidylcholine acyltransferase 3(LPCAT3)","Homo sapiens"
"LRIG3","P49916","","leucine rich repeats and immunoglobulin like domains 3(LRIG3)","Homo sapiens"
"LRRC37A2","P46459","","leucine rich repeat containing 37 member A2(LRRC37A2)","Homo sapiens"
"LRRC40","Q9H9A6","","leucine rich repeat containing 40(LRRC40)","Homo sapiens"
"LRRC41","Q15345","","leucine rich repeat containing 41(LRRC41)","Homo sapiens"
"LRRC47","Q8N1G4","","leucine rich repeat containing 47(LRRC47)","Homo sapiens"
"LSM3","P62310","","LSM3 homolog, U6 small nuclear RNA and mRNA degradation associated(LSM3)","Homo sapiens"
"LSM6","P62312","","LSM6 homolog, U6 small nuclear RNA and mRNA degradation associated(LSM6)","Homo sapiens"
"LYPLAL1","Q5VWZ2","","lysophospholipase like 1(LYPLAL1)","Homo sapiens"
"LZIC","Q8WZA0","","leucine zipper and CTNNBIP1 domain containing(LZIC)","Homo sapiens"
"LZTFL1","Q9NQ48","","leucine zipper transcription factor like 1(LZTFL1)","Homo sapiens"
"MAP2K2","P36507","","mitogen-activated protein kinase kinase 2(MAP2K2)","Homo sapiens"
"MAP4","P27816","","microtubule associated protein 4(MAP4)","Homo sapiens"
"MAPK1","P28482","","mitogen-activated protein kinase 1(MAPK1)","Homo sapiens"
"MAPK14","Q16539","","mitogen-activated protein kinase 14(MAPK14)","Homo sapiens"
"MAPK3","P27361","","mitogen-activated protein kinase 3(MAPK3)","Homo sapiens"
"MAPKAPK3","Q16644","","MAPK activated protein kinase 3(MAPKAPK3)","Homo sapiens"
"MARCKS","P29966","","myristoylated alanine rich protein kinase C substrate(MARCKS)","Homo sapiens"
"MARCKSL1","P49006","","MARCKS like 1(MARCKSL1)","Homo sapiens"
"MAT1A","Q00266","","methionine adenosyltransferase 1A(MAT1A)","Homo sapiens"
"MAT2A","P31153","","methionine adenosyltransferase 2A(MAT2A)","Homo sapiens"
"MAVS","Q7Z434","","mitochondrial antiviral signaling protein(MAVS)","Homo sapiens"
"MBD2","Q9UBB5","","methyl-CpG binding domain protein 2(MBD2)","Homo sapiens"
"MBD3","O95983","","methyl-CpG binding domain protein 3(MBD3)","Homo sapiens"
"MBTD1","Q05BQ5","","mbt domain containing 1(MBTD1)","Homo sapiens"
"MCMBP","Q9BTE3","","minichromosome maintenance complex binding protein(MCMBP)","Homo sapiens"
"MDH2","P40926","","malate dehydrogenase 2(MDH2)","Homo sapiens"
"MECP2","P51608","","methyl-CpG binding protein 2(MECP2)","Homo sapiens"
"MED23","Q9ULK4","","mediator complex subunit 23(MED23)","Homo sapiens"
"MED4","Q9NPJ6","","mediator complex subunit 4(MED4)","Homo sapiens"
"METTL13","Q8N6R0","","methyltransferase 13, eEF1A N-terminus and K55(METTL13)","Homo sapiens"
"METTL3","Q86U44","","methyltransferase 3, N6-adenosine-methyltransferase complex catalytic subunit(METTL3)","Homo sapiens"
"MFF","Q9GZY8","","mitochondrial fission factor(MFF)","Homo sapiens"
"MFN2","O95140","","mitofusin 2(MFN2)","Homo sapiens"
"MGA","Q8IWI9","","MAX dimerization protein MGA(MGA)","Homo sapiens"
"MIPEP","Q99797","","mitochondrial intermediate peptidase(MIPEP)","Homo sapiens"
"MKI67","P46013","","marker of proliferation Ki-67(MKI67)","Homo sapiens"
"MLLT10","P55197","","MLLT10 histone lysine methyltransferase DOT1L cofactor(MLLT10)","Homo sapiens"
"MMGT1","Q8N4V1","","membrane magnesium transporter 1(MMGT1)","Homo sapiens"
"MOB1A","Q7L9L4,Q9H8S9","","MOB kinase activator 1A(MOB1A)","Homo sapiens"
"MOB1B","Q7L9L4","","MOB kinase activator 1B(MOB1B)","Homo sapiens"
"MOB4","Q9Y3A3","","MOB family member 4, phocein(MOB4)","Homo sapiens"
"MOCS3","O95396","","molybdenum cofactor synthesis 3(MOCS3)","Homo sapiens"
"MON1B","Q7L1V2","","MON1 homolog B, secretory trafficking associated(MON1B)","Homo sapiens"
"MORC2","Q9Y6X9","","MORC family CW-type zinc finger 2(MORC2)","Homo sapiens"
"MPLKIP","Q8TAP9","","M-phase specific PLK1 interacting protein(MPLKIP)","Homo sapiens"
"MPRIP","Q6WCQ1","","myosin phosphatase Rho interacting protein(MPRIP)","Homo sapiens"
"MRC1","P22897","","mannose receptor C-type 1(MRC1)","Homo sapiens"
"MRE11","P49959","","MRE11 homolog, double strand break repair nuclease(MRE11)","Homo sapiens"
"MRFAP1","Q9Y605","","Morf4 family associated protein 1(MRFAP1)","Homo sapiens"
"MRGBP","Q9NV56","","MRG domain binding protein(MRGBP)","Homo sapiens"
"MRM1","Q6IN84","","mitochondrial rRNA methyltransferase 1(MRM1)","Homo sapiens"
"MRPL12","P52815","","mitochondrial ribosomal protein L12(MRPL12)","Homo sapiens"
"MRPL13","Q9BYD1","","mitochondrial ribosomal protein L13(MRPL13)","Homo sapiens"
"MRPL19","P49406","","mitochondrial ribosomal protein L19(MRPL19)","Homo sapiens"
"MRPL47","Q9HD33","","mitochondrial ribosomal protein L47(MRPL47)","Homo sapiens"
"MRPL48","Q96GC5","","mitochondrial ribosomal protein L48(MRPL48)","Homo sapiens"
"MRPS10","P82664","","mitochondrial ribosomal protein S10(MRPS10)","Homo sapiens"
"MRPS18A","Q9NVS2","","mitochondrial ribosomal protein S18A(MRPS18A)","Homo sapiens"
"MRPS23","Q9Y3D9","","mitochondrial ribosomal protein S23(MRPS23)","Homo sapiens"
"MRTO4","Q9UKD2","","MRT4 homolog, ribosome maturation factor(MRTO4)","Homo sapiens"
"MSN","P26038","","moesin(MSN)","Homo sapiens"
"MT-ND4","P03905","","mitochondrially encoded NADH dehydrogenase 4(MT-ND4)","Homo sapiens"
"MT-ND5","P03915","","mitochondrially encoded NADH dehydrogenase 5(MT-ND5)","Homo sapiens"
"MTA1","Q13330","","metastasis associated 1(MTA1)","Homo sapiens"
"MTA2","O94776","","metastasis associated 1 family member 2(MTA2)","Homo sapiens"
"MTA3","Q9BTC8","","metastasis associated 1 family member 3(MTA3)","Homo sapiens"
"MTHFD1","P11586","","methylenetetrahydrofolate dehydrogenase, cyclohydrolase and formyltetrahydrofolate synthetase 1(MTHFD1)","Homo sapiens"
"MTMR14","Q8NCE2","","myotubularin related protein 14(MTMR14)","Homo sapiens"
"MTMR2","Q13614","","myotubularin related protein 2(MTMR2)","Homo sapiens"
"MTMR3","Q13615","","myotubularin related protein 3(MTMR3)","Homo sapiens"
"MTMR9","Q96QG7","","myotubularin related protein 9(MTMR9)","Homo sapiens"
"MTUS1","Q9ULD2","","microtubule associated scaffold protein 1(MTUS1)","Homo sapiens"
"MVP","Q14764","","major vault protein(MVP)","Homo sapiens"
"MYB","P10242","","MYB proto-oncogene, transcription factor(MYB)","Homo sapiens"
"MYBBP1A","Q9BQG0","","MYB binding protein 1a(MYBBP1A)","Homo sapiens"
"MYBL1","P10243","","MYB proto-oncogene like 1(MYBL1)","Homo sapiens"
"MYBL2","P10244","","MYB proto-oncogene like 2(MYBL2)","Homo sapiens"
"MYCBP","Q99417","","MYC binding protein(MYCBP)","Homo sapiens"
"MYH10","P35580","","myosin heavy chain 10(MYH10)","Homo sapiens"
"MYH11","P35749","","myosin heavy chain 11(MYH11)","Homo sapiens"
"MYH14","Q7Z406","","myosin heavy chain 14(MYH14)","Homo sapiens"
"MYH9","P35579","","myosin heavy chain 9(MYH9)","Homo sapiens"
"MYL12A","P19105","","myosin light chain 12A(MYL12A)","Homo sapiens"
"MYL12B","O14950","","myosin light chain 12B(MYL12B)","Homo sapiens"
"MYL6","P60660","","myosin light chain 6(MYL6)","Homo sapiens"
"MYL6B","P14649","","myosin light chain 6B(MYL6B)","Homo sapiens"
"MYL9","P24844","","myosin light chain 9(MYL9)","Homo sapiens"
"MYO18A","Q92614","","myosin XVIIIA(MYO18A)","Homo sapiens"
"MZT2A","Q6NZ67,Q6P582","","mitotic spindle organizing protein 2A(MZT2A)","Homo sapiens"
"MZT2B","Q6NZ67,Q6P582","","mitotic spindle organizing protein 2B(MZT2B)","Homo sapiens"
"NAA35","Q5VZE5","","N-alpha-acetyltransferase 35, NatC auxiliary subunit(NAA35)","Homo sapiens"
"NACC1","Q96RE7","","nucleus accumbens associated 1(NACC1)","Homo sapiens"
"NAE1","Q13564","","NEDD8 activating enzyme E1 subunit 1(NAE1)","Homo sapiens"
"NAGK","Q9UJ70","","N-acetylglucosamine kinase(NAGK)","Homo sapiens"
"NANP","Q8TBE9","","N-acetylneuraminic acid phosphatase(NANP)","Homo sapiens"
"NANS","Q9NR45","","N-acetylneuraminate synthase(NANS)","Homo sapiens"
"NAP1L1","P55209","","nucleosome assembly protein 1 like 1(NAP1L1)","Homo sapiens"
"NAP1L4","Q99733","","nucleosome assembly protein 1 like 4(NAP1L4)","Homo sapiens"
"NAPRT","Q6XQN6","","nicotinate phosphoribosyltransferase(NAPRT)","Homo sapiens"
"NASP","P49321","","nuclear autoantigenic sperm protein(NASP)","Homo sapiens"
"NAT10","Q9H0A0","","N-acetyltransferase 10(NAT10)","Homo sapiens"
"NAXE","Q8NCW5","","NAD(P)HX epimerase(NAXE)","Homo sapiens"
"NBAS","A2RRP1","","NBAS subunit of NRZ tethering complex(NBAS)","Homo sapiens"
"NBEA","Q8NFP9","","neurobeachin(NBEA)","Homo sapiens"
"NBN","O60934","","nibrin(NBN)","Homo sapiens"
"NCAPD3","P42695","","non-SMC condensin II complex subunit D3(NCAPD3)","Homo sapiens"
"NCAPG","Q9BPX3","","non-SMC condensin I complex subunit G(NCAPG)","Homo sapiens"
"NCAPG2","Q86XI2","","non-SMC condensin II complex subunit G2(NCAPG2)","Homo sapiens"
"NCAPH","Q15003","","non-SMC condensin I complex subunit H(NCAPH)","Homo sapiens"
"NCLN","Q969V3","","nicalin(NCLN)","Homo sapiens"
"NCOA3","Q9Y6Q9","","nuclear receptor coactivator 3(NCOA3)","Homo sapiens"
"NDST1","P52848","","N-deacetylase and N-sulfotransferase 1(NDST1)","Homo sapiens"
"NDUFA2","O43678","","NADH:ubiquinone oxidoreductase subunit A2(NDUFA2)","Homo sapiens"
"NDUFA8","P51970","","NADH:ubiquinone oxidoreductase subunit A8(NDUFA8)","Homo sapiens"
"NDUFAB1","O14561","","NADH:ubiquinone oxidoreductase subunit AB1(NDUFAB1)","Homo sapiens"
"NDUFB8","O95169","","NADH:ubiquinone oxidoreductase subunit B8(NDUFB8)","Homo sapiens"
"NDUFV1","P49821","","NADH:ubiquinone oxidoreductase core subunit V1(NDUFV1)","Homo sapiens"
"NDUFV2","P19404","","NADH:ubiquinone oxidoreductase core subunit V2(NDUFV2)","Homo sapiens"
"NEK1","Q96PY6","","NIMA related kinase 1(NEK1)","Homo sapiens"
"NEK6","Q9HC98","","NIMA related kinase 6(NEK6)","Homo sapiens"
"NEK7","Q8TDX7","","NIMA related kinase 7(NEK7)","Homo sapiens"
"NELFCD","Q8IXH7","","negative elongation factor complex member C/D(NELFCD)","Homo sapiens"
"NFATC2","Q13469","","nuclear factor of activated T cells 2(NFATC2)","Homo sapiens"
"NFATC3","Q12968","","nuclear factor of activated T cells 3(NFATC3)","Homo sapiens"
"NFKB1","P19838","","nuclear factor kappa B subunit 1(NFKB1)","Homo sapiens"
"NGDN","Q8NEJ9","","neuroguidin(NGDN)","Homo sapiens"
"NHERF2","Q15599","","NHERF family PDZ scaffold protein 2(NHERF2)","Homo sapiens"
"NHSL2","Q56UQ5","","NHS like 2(NHSL2)","Homo sapiens"
"NIBAN2","Q96TA1","","niban apoptosis regulator 2(NIBAN2)","Homo sapiens"
"NIFK","Q9BYG3","","nucleolar protein interacting with the FHA domain of MKI67(NIFK)","Homo sapiens"
"NIN","Q8N4C6","","ninein(NIN)","Homo sapiens"
"NIPBL","Q6KC79","","NIPBL cohesin loading factor(NIPBL)","Homo sapiens"
"NIPSNAP3A","Q9UFN0","","nipsnap homolog 3A(NIPSNAP3A)","Homo sapiens"
"NIT2","Q9NQR4","","nitrilase family member 2(NIT2)","Homo sapiens"
"NKRF","O15226","","NFKB repressing factor(NKRF)","Homo sapiens"
"NME1","P15531","","NME/NM23 nucleoside diphosphate kinase 1(NME1)","Homo sapiens"
"NME2","P22392","","NME/NM23 nucleoside diphosphate kinase 2(NME2)","Homo sapiens"
"NOC2L","Q9Y3T9","","NOC2 like nucleolar associated transcriptional repressor(NOC2L)","Homo sapiens"
"NOC3L","Q8WTT2","","NOC3 like DNA replication regulator(NOC3L)","Homo sapiens"
"NOC4L","Q9BVI4","","nucleolar complex associated 4 homolog(NOC4L)","Homo sapiens"
"NOL12","Q9UGY1","","nucleolar protein 12(NOL12)","Homo sapiens"
"NOL3","O60936","","nucleolar protein 3(NOL3)","Homo sapiens"
"NOL7","Q9UMY1","","nucleolar protein 7(NOL7)","Homo sapiens"
"NOL9","Q5SY16","","nucleolar protein 9(NOL9)","Homo sapiens"
"NOM1","Q5C9Z4","","nucleolar protein with MIF4G domain 1(NOM1)","Homo sapiens"
"NOP53","Q9NZM5","","NOP53 ribosome biogenesis factor(NOP53)","Homo sapiens"
"NOP9","Q86U38","","NOP9 nucleolar protein(NOP9)","Homo sapiens"
"NOTCH1","P46531","","notch receptor 1(NOTCH1)","Homo sapiens"
"NPEPPS","P55786","","aminopeptidase puromycin sensitive(NPEPPS)","Homo sapiens"
"NPHP4","O75161","","nephrocystin 4(NPHP4)","Homo sapiens"
"NPM1","P06748","","nucleophosmin 1(NPM1)","Homo sapiens"
"NPNT","Q6UXI9","","nephronectin(NPNT)","Homo sapiens"
"NRBP1","Q9UHY1","","nuclear receptor binding protein 1(NRBP1)","Homo sapiens"
"NSF","P46459","","N-ethylmaleimide sensitive factor, vesicle fusing ATPase(NSF)","Homo sapiens"
"NSFL1C","Q9UNZ2","","NSFL1 cofactor(NSFL1C)","Homo sapiens"
"NSUN2","Q08J23","","NOP2/Sun RNA methyltransferase 2(NSUN2)","Homo sapiens"
"NSUN5","Q96P11","","NOP2/Sun RNA methyltransferase 5(NSUN5)","Homo sapiens"
"NSUN5P2","Q63ZY6","","NSUN5 pseudogene 2(NSUN5P2)","Homo sapiens"
"NT5DC2","Q9H857","","5'-nucleotidase domain containing 2(NT5DC2)","Homo sapiens"
"NTAQ1","Q96HA8","","N-terminal glutamine amidase 1(NTAQ1)","Homo sapiens"
"NTHL1","P78549","","nth like DNA glycosylase 1(NTHL1)","Homo sapiens"
"NTMT1","Q9BV86","","N-terminal Xaa-Pro-Lys N-methyltransferase 1(NTMT1)","Homo sapiens"
"NTPCR","Q9BSD7","","nucleoside-triphosphatase, cancer-related(NTPCR)","Homo sapiens"
"NUBP2","Q9Y5Y2","","NUBP iron-sulfur cluster assembly factor 2, cytosolic(NUBP2)","Homo sapiens"
"NUCB1","Q02818","","nucleobindin 1(NUCB1)","Homo sapiens"
"NUDT16L1","Q9BRJ7","","nudix hydrolase 16 like 1(NUDT16L1)","Homo sapiens"
"NUDT5","Q9UKK9","","nudix hydrolase 5(NUDT5)","Homo sapiens"
"NUF2","Q9BZD4","","NUF2 component of NDC80 kinetochore complex(NUF2)","Homo sapiens"
"NUMB","P49757","","NUMB endocytic adaptor protein(NUMB)","Homo sapiens"
"NUP205","Q92621","","nucleoporin 205(NUP205)","Homo sapiens"
"NUP50","Q9UKX7","","nucleoporin 50(NUP50)","Homo sapiens"
"NUP93","Q8N1F7","","nucleoporin 93(NUP93)","Homo sapiens"
"NUSAP1","Q9BXS6","","nucleolar and spindle associated protein 1(NUSAP1)","Homo sapiens"
"OCIAD2","Q56VL3","","OCIA domain containing 2(OCIAD2)","Homo sapiens"
"OGDH","Q02218","","oxoglutarate dehydrogenase(OGDH)","Homo sapiens"
"OGDHL","Q9ULD0","","oxoglutarate dehydrogenase L(OGDHL)","Homo sapiens"
"ORC2","Q13416","","origin recognition complex subunit 2(ORC2)","Homo sapiens"
"ORC5","O43913","","origin recognition complex subunit 5(ORC5)","Homo sapiens"
"OSBPL11","Q9BXB4","","oxysterol binding protein like 11(OSBPL11)","Homo sapiens"
"OSBPL9","Q96SU4","","oxysterol binding protein like 9(OSBPL9)","Homo sapiens"
"OXSR1","O95747","","oxidative stress responsive kinase 1(OXSR1)","Homo sapiens"
"P3H1","Q32P28","","prolyl 3-hydroxylase 1(P3H1)","Homo sapiens"
"P4HB","P07237","","prolyl 4-hydroxylase subunit beta(P4HB)","Homo sapiens"
"PA2G4","Q9UQ80","","proliferation-associated 2G4(PA2G4)","Homo sapiens"
"PABPC1","P11940","","poly(A) binding protein cytoplasmic 1(PABPC1)","Homo sapiens"
"PABPC1L","Q4VXU2","","poly(A) binding protein cytoplasmic 1 like(PABPC1L)","Homo sapiens"
"PABPC5","Q96DU9","","poly(A) binding protein cytoplasmic 5(PABPC5)","Homo sapiens"
"PAICS","P22234","","phosphoribosylaminoimidazole carboxylase and phosphoribosylaminoimidazolesuccinocarboxamide synthase(PAICS)","Homo sapiens"
"PAIP1","Q9H074","","poly(A) binding protein interacting protein 1(PAIP1)","Homo sapiens"
"PAK1","Q13153","","p21 (RAC1) activated kinase 1(PAK1)","Homo sapiens"
"PAK2","Q13177","","p21 (RAC1) activated kinase 2(PAK2)","Homo sapiens"
"PAK3","O75914","","p21 (RAC1) activated kinase 3(PAK3)","Homo sapiens"
"PARK7","Q99497","","Parkinsonism associated deglycase(PARK7)","Homo sapiens"
"PARN","O95453","","poly(A)-specific ribonuclease(PARN)","Homo sapiens"
"PARP10","Q53GL7","","poly(ADP-ribose) polymerase family member 10(PARP10)","Homo sapiens"
"PARP16","Q8N5Y8","","poly(ADP-ribose) polymerase family member 16(PARP16)","Homo sapiens"
"PARP2","Q9UGN5","","poly(ADP-ribose) polymerase 2(PARP2)","Homo sapiens"
"PATJ","Q8NI35","","PATJ crumbs cell polarity complex component(PATJ)","Homo sapiens"
"PBRM1","Q86U86","","polybromo 1(PBRM1)","Homo sapiens"
"PCCB","P05166","","propionyl-CoA carboxylase subunit beta(PCCB)","Homo sapiens"
"PCIF1","Q9H4Z3","","phosphorylated CTD interacting factor 1(PCIF1)","Homo sapiens"
"PCK2","Q16822","","phosphoenolpyruvate carboxykinase 2, mitochondrial(PCK2)","Homo sapiens"
"PCMT1","P22061","","protein-L-isoaspartate (D-aspartate) O-methyltransferase(PCMT1)","Homo sapiens"
"PCNP","Q8WW12","","PEST proteolytic signal containing nuclear protein(PCNP)","Homo sapiens"
"PCYT2","Q99447","","phosphate cytidylyltransferase 2, ethanolamine(PCYT2)","Homo sapiens"
"PDCD10","Q9BUL8","","programmed cell death 10(PDCD10)","Homo sapiens"
"PDCD11","Q14690","","programmed cell death 11(PDCD11)","Homo sapiens"
"PDCD5","O14737","","programmed cell death 5(PDCD5)","Homo sapiens"
"PDE12","Q6L8Q7","","phosphodiesterase 12(PDE12)","Homo sapiens"
"PDIA3","P30101","","protein disulfide isomerase family A member 3(PDIA3)","Homo sapiens"
"PDIA4","P13667","","protein disulfide isomerase family A member 4(PDIA4)","Homo sapiens"
"PDIA6","Q15084","","protein disulfide isomerase family A member 6(PDIA6)","Homo sapiens"
"PDS5A","Q29RF7","","PDS5 cohesin associated factor A(PDS5A)","Homo sapiens"
"PELO","Q9BRX2","","pelota mRNA surveillance and ribosome rescue factor(PELO)","Homo sapiens"
"PEX1","O43933","","peroxisomal biogenesis factor 1(PEX1)","Homo sapiens"
"PEX14","O75381","","peroxisomal biogenesis factor 14(PEX14)","Homo sapiens"
"PFDN2","Q9UHV9","","prefoldin subunit 2(PFDN2)","Homo sapiens"
"PFDN5","Q99471","","prefoldin subunit 5(PFDN5)","Homo sapiens"
"PFDN6","O15212","","prefoldin subunit 6(PFDN6)","Homo sapiens"
"PFKP","Q01813","","phosphofructokinase, platelet(PFKP)","Homo sapiens"
"PFN2","P35080","","profilin 2(PFN2)","Homo sapiens"
"PGAM1","P18669","","phosphoglycerate mutase 1(PGAM1)","Homo sapiens"
"PGAM5","Q96HS1","","PGAM family member 5, mitochondrial serine/threonine protein phosphatase(PGAM5)","Homo sapiens"
"PGD","P52209","","phosphogluconate dehydrogenase(PGD)","Homo sapiens"
"PGM2L1","Q6PCE3","","phosphoglucomutase 2 like 1(PGM2L1)","Homo sapiens"
"PHAX","Q9H814","","phosphorylated adaptor for RNA export(PHAX)","Homo sapiens"
"PHB1","P35232","","prohibitin 1(PHB1)","Homo sapiens"
"PHC2","Q8IXK0","","polyhomeotic homolog 2(PHC2)","Homo sapiens"
"PHF2","O75151","","PHD finger protein 2(PHF2)","Homo sapiens"
"PHF6","Q8IWS0","","PHD finger protein 6(PHF6)","Homo sapiens"
"PHF8","Q9UPP1","","PHD finger protein 8(PHF8)","Homo sapiens"
"PHIP","Q8WWQ0","","pleckstrin homology domain interacting protein(PHIP)","Homo sapiens"
"PHKA2","P46019","","phosphorylase kinase regulatory subunit alpha 2(PHKA2)","Homo sapiens"
"PIGS","Q96S52","","phosphatidylinositol glycan anchor biosynthesis class S(PIGS)","Homo sapiens"
"PIH1D1","Q9NWS0","","PIH1 domain containing 1(PIH1D1)","Homo sapiens"
"PIK3AP1","Q6ZUJ8","","phosphoinositide-3-kinase adaptor protein 1(PIK3AP1)","Homo sapiens"
"PIK3C2B","O00750","","phosphatidylinositol-4-phosphate 3-kinase catalytic subunit type 2 beta(PIK3C2B)","Homo sapiens"
"PITPNA","Q00169","","phosphatidylinositol transfer protein alpha(PITPNA)","Homo sapiens"
"PKM","P14618","","pyruvate kinase M1/2(PKM)","Homo sapiens"
"PKP1","Q13835","","plakophilin 1(PKP1)","Homo sapiens"
"PLCG1","P19174","","phospholipase C gamma 1(PLCG1)","Homo sapiens"
"PLEKHA6","Q9Y2H5","","pleckstrin homology domain containing A6(PLEKHA6)","Homo sapiens"
"PLIN3","O60664","","perilipin 3(PLIN3)","Homo sapiens"
"PLPP2","O43688","","phospholipid phosphatase 2(PLPP2)","Homo sapiens"
"PLXDC2","Q6UX71","","plexin domain containing 2(PLXDC2)","Homo sapiens"
"PMM1","Q92871","","phosphomannomutase 1(PMM1)","Homo sapiens"
"PMVK","Q15126","","phosphomevalonate kinase(PMVK)","Homo sapiens"
"PNKP","Q96T60","","polynucleotide kinase 3'-phosphatase(PNKP)","Homo sapiens"
"PNO1","Q9NRX1","","partner of NOB1 homolog(PNO1)","Homo sapiens"
"POGZ","Q7Z3K3","","pogo transposable element derived with ZNF domain(POGZ)","Homo sapiens"
"POLA1","P09884","","DNA polymerase alpha 1, catalytic subunit(POLA1)","Homo sapiens"
"POLD3","Q15054","","DNA polymerase delta 3, accessory subunit(POLD3)","Homo sapiens"
"POLDIP2","Q9Y2S7","","DNA polymerase delta interacting protein 2(POLDIP2)","Homo sapiens"
"POLI","Q9UNA4","","DNA polymerase iota(POLI)","Homo sapiens"
"POLR1B","Q9H9Y6","","RNA polymerase I subunit B(POLR1B)","Homo sapiens"
"POLR1E","Q9GZS1","","RNA polymerase I subunit E(POLR1E)","Homo sapiens"
"POLR1G","O15446","","RNA polymerase I subunit G(POLR1G)","Homo sapiens"
"POLR2E","P19388","","RNA polymerase II, I and III subunit E(POLR2E)","Homo sapiens"
"POLR2H","P52434","","RNA polymerase II, I and III subunit H(POLR2H)","Homo sapiens"
"POLR3D","P05423","","RNA polymerase III subunit D(POLR3D)","Homo sapiens"
"POLRMT","O00411","","RNA polymerase mitochondrial(POLRMT)","Homo sapiens"
"POMP","Q9Y244","","proteasome maturation protein(POMP)","Homo sapiens"
"POP1","Q99575","","POP1 homolog, ribonuclease P/MRP subunit(POP1)","Homo sapiens"
"POTEE","Q6S8J3","","POTE ankyrin domain family member E(POTEE)","Homo sapiens"
"POTEF","A5A3E0","","POTE ankyrin domain family member F(POTEF)","Homo sapiens"
"POTEI","P0CG38","","POTE ankyrin domain family member I(POTEI)","Homo sapiens"
"POTEJ","P0CG39","","POTE ankyrin domain family member J(POTEJ)","Homo sapiens"
"PPA2","Q9H2U2","","inorganic pyrophosphatase 2(PPA2)","Homo sapiens"
"PPARGC1B","Q86YN6","","PPARG coactivator 1 beta(PPARGC1B)","Homo sapiens"
"PPIE","Q9UNP9","","peptidylprolyl isomerase E(PPIE)","Homo sapiens"
"PPIL2","Q13356","","peptidylprolyl isomerase like 2(PPIL2)","Homo sapiens"
"PPM1G","O15355","","protein phosphatase, Mg2+/Mn2+ dependent 1G(PPM1G)","Homo sapiens"
"PPP1CA","P62136","","protein phosphatase 1 catalytic subunit alpha(PPP1CA)","Homo sapiens"
"PPP1CB","P62140","","protein phosphatase 1 catalytic subunit beta(PPP1CB)","Homo sapiens"
"PPP1CC","P36873","","protein phosphatase 1 catalytic subunit gamma(PPP1CC)","Homo sapiens"
"PPP1R10","Q96QC0","","protein phosphatase 1 regulatory subunit 10(PPP1R10)","Homo sapiens"
"PPP1R13B","Q96KQ4","","protein phosphatase 1 regulatory subunit 13B(PPP1R13B)","Homo sapiens"
"PPP1R7","Q15435","","protein phosphatase 1 regulatory subunit 7(PPP1R7)","Homo sapiens"
"PPP2CA","P67775","","protein phosphatase 2 catalytic subunit alpha(PPP2CA)","Homo sapiens"
"PPP2CB","P62714","","protein phosphatase 2 catalytic subunit beta(PPP2CB)","Homo sapiens"
"PPP2R1A","P30153","","protein phosphatase 2 scaffold subunit Aalpha(PPP2R1A)","Homo sapiens"
"PPP2R1B","P30154","","protein phosphatase 2 scaffold subunit Abeta(PPP2R1B)","Homo sapiens"
"PPP2R3C","Q969Q6","","protein phosphatase 2 regulatory subunit B''gamma(PPP2R3C)","Homo sapiens"
"PPP2R5A","Q15172","","protein phosphatase 2 regulatory subunit B'alpha(PPP2R5A)","Homo sapiens"
"PPP2R5C","Q13362","","protein phosphatase 2 regulatory subunit B'gamma(PPP2R5C)","Homo sapiens"
"PPP2R5E","Q16537","","protein phosphatase 2 regulatory subunit B'epsilon(PPP2R5E)","Homo sapiens"
"PPP4R1","Q8TF05","","protein phosphatase 4 regulatory subunit 1(PPP4R1)","Homo sapiens"
"PPP4R3A","Q6IN85","","protein phosphatase 4 regulatory subunit 3A(PPP4R3A)","Homo sapiens"
"PPWD1","Q96BP3","","peptidylprolyl isomerase domain and WD repeat containing 1(PPWD1)","Homo sapiens"
"PQBP1","O60828","","polyglutamine binding protein 1(PQBP1)","Homo sapiens"
"PRCC","Q92733","","proline rich mitotic checkpoint control factor(PRCC)","Homo sapiens"
"PRDX3","P30048","","peroxiredoxin 3(PRDX3)","Homo sapiens"
"PRDX4","Q13162","","peroxiredoxin 4(PRDX4)","Homo sapiens"
"PRDX6","P30041","","peroxiredoxin 6(PRDX6)","Homo sapiens"
"PREPL","Q4J6C6","","prolyl endopeptidase like(PREPL)","Homo sapiens"
"PRH1","P02810","","proline rich protein HaeIII subfamily 1(PRH1)","Homo sapiens"
"PRH1-PRR4","P02810","","PRH1-PRR4 readthrough(PRH1-PRR4)","Homo sapiens"
"PRH2","P02810","","proline rich protein HaeIII subfamily 2(PRH2)","Homo sapiens"
"PRIM2","P49643","","DNA primase subunit 2(PRIM2)","Homo sapiens"
"PRKACA","P17612","","protein kinase cAMP-activated catalytic subunit alpha(PRKACA)","Homo sapiens"
"PRKACB","P17612,P22694","","protein kinase cAMP-activated catalytic subunit beta(PRKACB)","Homo sapiens"
"PRKAG1","P54619","","protein kinase AMP-activated non-catalytic subunit gamma 1(PRKAG1)","Homo sapiens"
"PRKAR1A","P10644","","protein kinase cAMP-dependent type I regulatory subunit alpha(PRKAR1A)","Homo sapiens"
"PRPF3","O43395","","pre-mRNA processing factor 3(PRPF3)","Homo sapiens"
"PRPF4","O43172","","pre-mRNA splicing tri-snRNP complex factor PRPF4(PRPF4)","Homo sapiens"
"PRPSAP1","Q14558","","phosphoribosyl pyrophosphate synthetase associated protein 1(PRPSAP1)","Homo sapiens"
"PRRC2A","P48634","","proline rich coiled-coil 2A(PRRC2A)","Homo sapiens"
"PRRC2B","Q5JSZ5","","proline rich coiled-coil 2B(PRRC2B)","Homo sapiens"
"PRRC2C","Q9Y520","","proline rich coiled-coil 2C(PRRC2C)","Homo sapiens"
"PSMA1","P25786","","proteasome 20S subunit alpha 1(PSMA1)","Homo sapiens"
"PSMA2","P25787","","proteasome 20S subunit alpha 2(PSMA2)","Homo sapiens"
"PSMA5","P28066","","proteasome 20S subunit alpha 5(PSMA5)","Homo sapiens"
"PSMA6","P60900","","proteasome 20S subunit alpha 6(PSMA6)","Homo sapiens"
"PSMB10","P40306","","proteasome 20S subunit beta 10(PSMB10)","Homo sapiens"
"PSMC1","P62191","","proteasome 26S subunit, ATPase 1(PSMC1)","Homo sapiens"
"PSMC4","P43686","","proteasome 26S subunit, ATPase 4(PSMC4)","Homo sapiens"
"PSMC5","P62195","","proteasome 26S subunit, ATPase 5(PSMC5)","Homo sapiens"
"PSMD10","O75832","","proteasome 26S subunit, non-ATPase 10(PSMD10)","Homo sapiens"
"PSMD13","Q9UNM6","","proteasome 26S subunit, non-ATPase 13(PSMD13)","Homo sapiens"
"PSMD6","Q15008","","proteasome 26S subunit, non-ATPase 6(PSMD6)","Homo sapiens"
"PSMD7","P51665","","proteasome 26S subunit, non-ATPase 7(PSMD7)","Homo sapiens"
"PSMD8","P48556","","proteasome 26S subunit, non-ATPase 8(PSMD8)","Homo sapiens"
"PSME2","Q9UL46","","proteasome activator subunit 2(PSME2)","Homo sapiens"
"PSMG1","O95456","","proteasome assembly chaperone 1(PSMG1)","Homo sapiens"
"PTDSS1","P48651","","phosphatidylserine synthase 1(PTDSS1)","Homo sapiens"
"PTK2","Q05397","","protein tyrosine kinase 2(PTK2)","Homo sapiens"
"PTP4A1","Q93096","","protein tyrosine phosphatase 4A1(PTP4A1)","Homo sapiens"
"PTP4A2","Q12974","","protein tyrosine phosphatase 4A2(PTP4A2)","Homo sapiens"
"PTPN1","P18031","","protein tyrosine phosphatase non-receptor type 1(PTPN1)","Homo sapiens"
"PUM3","Q15397","","pumilio RNA binding family member 3(PUM3)","Homo sapiens"
"PUS7","Q96PZ0","","pseudouridine synthase 7(PUS7)","Homo sapiens"
"PWP1","Q13610","","PWP1 homolog, endonuclein(PWP1)","Homo sapiens"
"PWP2","Q15269","","PWP2 small subunit processome component(PWP2)","Homo sapiens"
"PYCR2","Q96C36","","pyrroline-5-carboxylate reductase 2(PYCR2)","Homo sapiens"
"QSOX2","Q6ZRP7","","quiescin sulfhydryl oxidase 2(QSOX2)","Homo sapiens"
"R3HCC1","Q9Y3T6","","R3H domain and coiled-coil containing 1(R3HCC1)","Homo sapiens"
"R3HDM1","Q15032","","R3H domain containing 1(R3HDM1)","Homo sapiens"
"RAB14","P61106","","RAB14, member RAS oncogene family(RAB14)","Homo sapiens"
"RAB1A","P62820","","RAB1A, member RAS oncogene family(RAB1A)","Homo sapiens"
"RAB1B","Q9H0U4","","RAB1B, member RAS oncogene family(RAB1B)","Homo sapiens"
"RAB1C","Q92928","","RAB1C, member RAS oncogene family (pseudogene)(RAB1C)","Homo sapiens"
"RAB2A","P61019","","RAB2A, member RAS oncogene family(RAB2A)","Homo sapiens"
"RAB2B","Q8WUD1","","RAB2B, member RAS oncogene family(RAB2B)","Homo sapiens"
"RAB3IP","Q96QF0","","RAB3A interacting protein(RAB3IP)","Homo sapiens"
"RAB6A","P20340","","RAB6A, member RAS oncogene family(RAB6A)","Homo sapiens"
"RAB6B","Q9NRW1","","RAB6B, member RAS oncogene family(RAB6B)","Homo sapiens"
"RAB7A","P51149","","RAB7A, member RAS oncogene family(RAB7A)","Homo sapiens"
"RAC1","P63000,P15153","","Rac family small GTPase 1(RAC1)","Homo sapiens"
"RAC2","P15153","","Rac family small GTPase 2(RAC2)","Homo sapiens"
"RAC3","P60763,P15153","","Rac family small GTPase 3(RAC3)","Homo sapiens"
"RACGAP1","Q9H0H5","","Rac GTPase activating protein 1(RACGAP1)","Homo sapiens"
"RAD21","O60216","","RAD21 cohesin complex component(RAD21)","Homo sapiens"
"RAD21L1","Q9H4I0","","RAD21 cohesin complex component like 1(RAD21L1)","Homo sapiens"
"RAD23B","P54727","","RAD23 homolog B, nucleotide excision repair protein(RAD23B)","Homo sapiens"
"RAD50","Q92878","","RAD50 double strand break repair protein(RAD50)","Homo sapiens"
"RAD51C","O43502","","RAD51 paralog C(RAD51C)","Homo sapiens"
"RAE1","P78406","","ribonucleic acid export 1(RAE1)","Homo sapiens"
"RAI14","Q9P0K7","","retinoic acid induced 14(RAI14)","Homo sapiens"
"RAN","P62826","","RAN, member RAS oncogene family(RAN)","Homo sapiens"
"RANBP2","P49792","","RAN binding protein 2(RANBP2)","Homo sapiens"
"RAP1GDS1","P52306","","Rap1 GTPase-GDP dissociation stimulator 1(RAP1GDS1)","Homo sapiens"
"RARS1","P54136","","arginyl-tRNA synthetase 1(RARS1)","Homo sapiens"
"RASA1","P20936","","RAS p21 protein activator 1(RASA1)","Homo sapiens"
"RASSF7","Q02833","","Ras association domain family member 7(RASSF7)","Homo sapiens"
"RBBP4","Q09028","","RB binding protein 4, chromatin remodeling factor(RBBP4)","Homo sapiens"
"RBBP5","Q15291","","RB binding protein 5, histone lysine methyltransferase complex subunit(RBBP5)","Homo sapiens"
"RBBP7","Q16576","","RB binding protein 7, chromatin remodeling factor(RBBP7)","Homo sapiens"
"RBCK1","Q9BYM8","","RANBP2-type and C3HC4-type zinc finger containing 1(RBCK1)","Homo sapiens"
"RBM34","P42696","","RNA binding motif protein 34(RBM34)","Homo sapiens"
"RBM5","P52756","","RNA binding motif protein 5(RBM5)","Homo sapiens"
"RBM7","Q9Y580","","RNA binding motif protein 7(RBM7)","Homo sapiens"
"RCC2","Q9P258","","regulator of chromosome condensation 2(RCC2)","Homo sapiens"
"RCOR1","Q9UKL0","","REST corepressor 1(RCOR1)","Homo sapiens"
"RCOR3","Q9P2K3","","REST corepressor 3(RCOR3)","Homo sapiens"
"RDH11","Q8TC12","","retinol dehydrogenase 11(RDH11)","Homo sapiens"
"RDX","P35241","","radixin(RDX)","Homo sapiens"
"REPS1","Q96D71","","RALBP1 associated Eps domain containing 1(REPS1)","Homo sapiens"
"RFC2","P35250","","replication factor C subunit 2(RFC2)","Homo sapiens"
"RFC4","P35249","","replication factor C subunit 4(RFC4)","Homo sapiens"
"RGPD3","A6NKT7","","RANBP2 like and GRIP domain containing 3(RGPD3)","Homo sapiens"
"RGPD4","A6NKT7,Q7Z3J3","","RANBP2 like and GRIP domain containing 4(RGPD4)","Homo sapiens"
"RGPD5","A6NKT7,Q99666","","RANBP2 like and GRIP domain containing 5(RGPD5)","Homo sapiens"
"RGPD6","O14715,Q99666","","RANBP2 like and GRIP domain containing 6(RGPD6)","Homo sapiens"
"RGPD8","O14715","","RANBP2 like and GRIP domain containing 8(RGPD8)","Homo sapiens"
"RIF1","Q5UIP0","","replication timing regulatory factor 1(RIF1)","Homo sapiens"
"RIOX1","Q9H6W3","","ribosomal oxygenase 1(RIOX1)","Homo sapiens"
"RIOX2","Q8IUF8","","ribosomal oxygenase 2(RIOX2)","Homo sapiens"
"RNASE7","P78406","","ribonuclease A family member 7(RNASE7)","Homo sapiens"
"RNF114","Q9Y508","","ring finger protein 114(RNF114)","Homo sapiens"
"RNF20","Q5VTR2","","ring finger protein 20(RNF20)","Homo sapiens"
"RNF213","Q63HN8","","ring finger protein 213(RNF213)","Homo sapiens"
"RNF214","Q8ND24","","ring finger protein 214(RNF214)","Homo sapiens"
"RNF40","O75150","","ring finger protein 40(RNF40)","Homo sapiens"
"RNGTT","O60942","","RNA guanylyltransferase and 5'-phosphatase(RNGTT)","Homo sapiens"
"ROCK2","O75116","","Rho associated coiled-coil containing protein kinase 2(ROCK2)","Homo sapiens"
"RP2","O75695","","RP2 activator of ARL3 GTPase(RP2)","Homo sapiens"
"RPA3","P35244","","replication protein A3(RPA3)","Homo sapiens"
"RPAP1","Q9BWH6","","RNA polymerase II associated protein 1(RPAP1)","Homo sapiens"
"RPGRIP1L","Q68CZ1","","RPGRIP1 like(RPGRIP1L)","Homo sapiens"
"RPL36A","P83881","","ribosomal protein L36a(RPL36A)","Homo sapiens"
"RPL36AL","Q969Q0","","ribosomal protein L36a like(RPL36AL)","Homo sapiens"
"RPLP0","P05388","","ribosomal protein lateral stalk subunit P0(RPLP0)","Homo sapiens"
"RPLP2","P05387","","ribosomal protein lateral stalk subunit P2(RPLP2)","Homo sapiens"
"RPN2","P04844","","ribophorin II(RPN2)","Homo sapiens"
"RPP14","O95059","","ribonuclease P/MRP subunit p14(RPP14)","Homo sapiens"
"RPP30","P78346","","ribonuclease P/MRP subunit p30(RPP30)","Homo sapiens"
"RPRD1A","Q96P16","","regulation of nuclear pre-mRNA domain containing 1A(RPRD1A)","Homo sapiens"
"RPRD2","Q5VT52","","regulation of nuclear pre-mRNA domain containing 2(RPRD2)","Homo sapiens"
"RPS19","P39019","","ribosomal protein S19(RPS19)","Homo sapiens"
"RPS20","P60866","","ribosomal protein S20(RPS20)","Homo sapiens"
"RPS27A","P62979","","ribosomal protein S27a(RPS27A)","Homo sapiens"
"RPS4X","P62701","","ribosomal protein S4 X-linked(RPS4X)","Homo sapiens"
"RPS4Y1","P22090","","ribosomal protein S4 Y-linked 1(RPS4Y1)","Homo sapiens"
"RPS4Y2","Q8TD47","","ribosomal protein S4 Y-linked 2(RPS4Y2)","Homo sapiens"
"RPS6KA3","P51812","","ribosomal protein S6 kinase A3(RPS6KA3)","Homo sapiens"
"RPS6KA4","O75676","","ribosomal protein S6 kinase A4(RPS6KA4)","Homo sapiens"
"RPS7","P62081","","ribosomal protein S7(RPS7)","Homo sapiens"
"RRAGA","Q7L523","","Ras related GTP binding A(RRAGA)","Homo sapiens"
"RRP15","Q9Y3B9","","ribosomal RNA processing 15 homolog(RRP15)","Homo sapiens"
"RRP36","Q96EU6","","ribosomal RNA processing 36(RRP36)","Homo sapiens"
"RRP7A","Q9Y3A4","","ribosomal RNA processing 7 homolog A(RRP7A)","Homo sapiens"
"RRP9","O43818","","ribosomal RNA processing 9, U3 small nucleolar RNA binding protein(RRP9)","Homo sapiens"
"RRS1","Q15050","","ribosome biogenesis regulator 1 homolog(RRS1)","Homo sapiens"
"RSL1D1","O76021","","ribosomal L1 domain containing 1(RSL1D1)","Homo sapiens"
"RTCA","O00442","","RNA 3'-terminal phosphate cyclase(RTCA)","Homo sapiens"
"RTCB","Q9Y3I0","","RNA 2',3'-cyclic phosphate and 5'-OH ligase(RTCB)","Homo sapiens"
"RTF1","Q92541","","RTF1 homolog, Paf1/RNA polymerase II complex component(RTF1)","Homo sapiens"
"RTN3","O95197","","reticulon 3(RTN3)","Homo sapiens"
"RUFY1","Q96T51","","RUN and FYVE domain containing 1(RUFY1)","Homo sapiens"
"RUVBL1","Q9Y265","","RuvB like AAA ATPase 1(RUVBL1)","Homo sapiens"
"RUVBL2","Q9Y230","","RuvB like AAA ATPase 2(RUVBL2)","Homo sapiens"
"S100A14","Q9HCY8","","S100 calcium binding protein A14(S100A14)","Homo sapiens"
"S100A16","Q96FQ6","","S100 calcium binding protein A16(S100A16)","Homo sapiens"
"S100P","P25815","","S100 calcium binding protein P(S100P)","Homo sapiens"
"SACM1L","Q9NTJ5","","SAC1 like phosphatidylinositide phosphatase(SACM1L)","Homo sapiens"
"SAE1","Q9UBE0","","SUMO1 activating enzyme subunit 1(SAE1)","Homo sapiens"
"SALL2","Q9Y467","","spalt like transcription factor 2(SALL2)","Homo sapiens"
"SAMD1","Q6SPF0","","sterile alpha motif domain containing 1(SAMD1)","Homo sapiens"
"SAP130","Q9H0E3","","Sin3A associated protein 130(SAP130)","Homo sapiens"
"SARS1","P49591","","seryl-tRNA synthetase 1(SARS1)","Homo sapiens"
"SART3","Q15020","","spliceosome associated factor 3, U4/U6 recycling protein(SART3)","Homo sapiens"
"SBDS","Q9Y3A5","","SBDS ribosome maturation factor(SBDS)","Homo sapiens"
"SBF1","O95248","","SET binding factor 1(SBF1)","Homo sapiens"
"SBSN","Q6UWP8","","suprabasin(SBSN)","Homo sapiens"
"SCAF1","Q9H7N4","","SR-related CTD associated factor 1(SCAF1)","Homo sapiens"
"SCOC","Q9UIL1","","short coiled-coil protein(SCOC)","Homo sapiens"
"SCP2","P22307","","sterol carrier protein 2(SCP2)","Homo sapiens"
"SCRIB","Q14160","","scribble planar cell polarity protein(SCRIB)","Homo sapiens"
"SDAD1","Q9NVU7","","SDA1 domain containing 1(SDAD1)","Homo sapiens"
"SDHA","P31040","","succinate dehydrogenase complex flavoprotein subunit A(SDHA)","Homo sapiens"
"SEC14L2","O76054","","SEC14 like lipid binding 2(SEC14L2)","Homo sapiens"
"SEC23B","Q15437","","SEC23 homolog B, COPII coat complex component(SEC23B)","Homo sapiens"
"SEC23IP","Q9Y6Y8","","SEC23 interacting protein(SEC23IP)","Homo sapiens"
"SEC31A","O94979","","SEC31 homolog A, COPII coat complex component(SEC31A)","Homo sapiens"
"SEC61A1","P61619","","SEC61 translocon subunit alpha 1(SEC61A1)","Homo sapiens"
"SEC61A2","Q9H9S3,P61619","","SEC61 translocon subunit alpha 2(SEC61A2)","Homo sapiens"
"SENP3","Q9H4L4","","SUMO specific peptidase 3(SENP3)","Homo sapiens"
"SEPTIN6","Q14141","","septin 6(SEPTIN6)","Homo sapiens"
"SEPTIN8","Q92599","","septin 8(SEPTIN8)","Homo sapiens"
"SERPINA12","Q8IW75","","serpin family A member 12(SERPINA12)","Homo sapiens"
"SERPINB2","P05120","","serpin family B member 2(SERPINB2)","Homo sapiens"
"SERPINB5","P36952","","serpin family B member 5(SERPINB5)","Homo sapiens"
"SERPINB8","P50452","","serpin family B member 8(SERPINB8)","Homo sapiens"
"SERPINC1","P01008","","serpin family C member 1(SERPINC1)","Homo sapiens"
"SESTD1","Q86VW0","","SEC14 and spectrin domain containing 1(SESTD1)","Homo sapiens"
"SET","Q01105","","SET nuclear proto-oncogene(SET)","Homo sapiens"
"SETSIP","P0DME0","","SET like protein(SETSIP)","Homo sapiens"
"SF3A2","Q15428","","splicing factor 3a subunit 2(SF3A2)","Homo sapiens"
"SF3A3","Q12874","","splicing factor 3a subunit 3(SF3A3)","Homo sapiens"
"SF3B3","Q15393","","splicing factor 3b subunit 3(SF3B3)","Homo sapiens"
"SFN","P31947","","stratifin(SFN)","Homo sapiens"
"SFXN1","Q9H9B4","","sideroflexin 1(SFXN1)","Homo sapiens"
"SH2D2A","Q9NP31","","SH2 domain containing 2A(SH2D2A)","Homo sapiens"
"SH2D3A","Q9BRG2","","SH2 domain containing 3A(SH2D3A)","Homo sapiens"
"SH3BP4","Q9P0V3","","SH3 domain binding protein 4(SH3BP4)","Homo sapiens"
"SH3GL2","Q99962","","SH3 domain containing GRB2 like 2, endophilin A1(SH3GL2)","Homo sapiens"
"SH3PXD2B","A1X283","","SH3 and PX domains 2B(SH3PXD2B)","Homo sapiens"
"SHCBP1","Q8NEM2","","SHC binding and spindle associated 1(SHCBP1)","Homo sapiens"
"SKIC2","Q15477","","SKI2 subunit of superkiller complex(SKIC2)","Homo sapiens"
"SLC12A7","Q9Y666","","solute carrier family 12 member 7(SLC12A7)","Homo sapiens"
"SLC25A11","Q02978","","solute carrier family 25 member 11(SLC25A11)","Homo sapiens"
"SLC25A3","Q00325","","solute carrier family 25 member 3(SLC25A3)","Homo sapiens"
"SLC25A5","P05141","","solute carrier family 25 member 5(SLC25A5)","Homo sapiens"
"SLC25A6","P12236","","solute carrier family 25 member 6(SLC25A6)","Homo sapiens"
"SLC29A1","Q99808","","solute carrier family 29 member 1 (Augustine blood group)(SLC29A1)","Homo sapiens"
"SLC2A1","P11166","","solute carrier family 2 member 1(SLC2A1)","Homo sapiens"
"SLC3A2","P08195","","solute carrier family 3 member 2(SLC3A2)","Homo sapiens"
"SLC7A1","P30825","","solute carrier family 7 member 1(SLC7A1)","Homo sapiens"
"SLFN5","Q08AF3","","schlafen family member 5(SLFN5)","Homo sapiens"
"SMARCA1","P28370","","SNF2 related chromatin remodeling ATPase 1(SMARCA1)","Homo sapiens"
"SMARCA5","O60264","","SNF2 related chromatin remodeling ATPase 5(SMARCA5)","Homo sapiens"
"SMARCB1","Q12824","","SWI/SNF related BAF chromatin remodeling complex subunit B1(SMARCB1)","Homo sapiens"
"SMARCC2","Q8TAQ2","","SWI/SNF related BAF chromatin remodeling complex subunit C2(SMARCC2)","Homo sapiens"
"SMARCD1","Q96GM5","","SWI/SNF related BAF chromatin remodeling complex subunit D1(SMARCD1)","Homo sapiens"
"SMC6","Q96SB8","","structural maintenance of chromosomes 6(SMC6)","Homo sapiens"
"SMG1","Q96Q15","","SMG1 nonsense mediated mRNA decay associated PI3K related kinase(SMG1)","Homo sapiens"
"SMG9","Q9H0W8","","SMG9 nonsense mediated mRNA decay factor(SMG9)","Homo sapiens"
"SMN1","Q16637","","survival of motor neuron 1, telomeric(SMN1)","Homo sapiens"
"SMN2","Q16637","","survival of motor neuron 2, centromeric(SMN2)","Homo sapiens"
"SMS","P52788","","spermine synthase(SMS)","Homo sapiens"
"SMTN","P53814","","smoothelin(SMTN)","Homo sapiens"
"SNF8","Q96H20","","SNF8 subunit of ESCRT-II(SNF8)","Homo sapiens"
"SNRPA","P09012","","small nuclear ribonucleoprotein polypeptide A(SNRPA)","Homo sapiens"
"SNRPA1","P09661","","small nuclear ribonucleoprotein polypeptide A'(SNRPA1)","Homo sapiens"
"SNRPB2","P08579","","small nuclear ribonucleoprotein polypeptide B2(SNRPB2)","Homo sapiens"
"SNTB2","Q13425","","syntrophin beta 2(SNTB2)","Homo sapiens"
"SNU13","P55769","","small nuclear ribonucleoprotein 13(SNU13)","Homo sapiens"
"SNX1","Q13596","","sorting nexin 1(SNX1)","Homo sapiens"
"SNX2","O60749","","sorting nexin 2(SNX2)","Homo sapiens"
"SNX29","Q8TEQ0","","sorting nexin 29(SNX29)","Homo sapiens"
"SNX29P2","Q8IUI4","","sorting nexin 29 pseudogene 2(SNX29P2)","Homo sapiens"
"SNX5","Q9Y5X3","","sorting nexin 5(SNX5)","Homo sapiens"
"SOD2","P04179","","superoxide dismutase 2(SOD2)","Homo sapiens"
"SOD2-OT1","P04179","","SOD2 overlapping transcript 1(SOD2-OT1)","Homo sapiens"
"SORBS3","O60504","","sorbin and SH3 domain containing 3(SORBS3)","Homo sapiens"
"SP100","P23497","","SP100 nuclear antigen(SP100)","Homo sapiens"
"SP110","Q9HB58","","SP110 nuclear body protein(SP110)","Homo sapiens"
"SP140L","Q9H930","","SP140 nuclear body protein like(SP140L)","Homo sapiens"
"SPAG5","Q96R06","","sperm associated antigen 5(SPAG5)","Homo sapiens"
"SPC24","Q8NBT2","","SPC24 component of NDC80 kinetochore complex(SPC24)","Homo sapiens"
"SPDL1","Q96EA4","","spindle apparatus coiled-coil protein 1(SPDL1)","Homo sapiens"
"SPR","P35270","","sepiapterin reductase(SPR)","Homo sapiens"
"SPTAN1","Q13813","","spectrin alpha, non-erythrocytic 1(SPTAN1)","Homo sapiens"
"SPTB","P11277","","spectrin beta, erythrocytic(SPTB)","Homo sapiens"
"SPTBN1","Q01082","","spectrin beta, non-erythrocytic 1(SPTBN1)","Homo sapiens"
"SPTBN2","O15020","","spectrin beta, non-erythrocytic 2(SPTBN2)","Homo sapiens"
"SQLE","Q14534","","squalene epoxidase(SQLE)","Homo sapiens"
"SQOR","Q9Y6N5","","sulfide quinone oxidoreductase(SQOR)","Homo sapiens"
"SREK1","Q8WXA9","","splicing regulatory glutamic acid and lysine rich protein 1(SREK1)","Homo sapiens"
"SRFBP1","Q8NEF9","","serum response factor binding protein 1(SRFBP1)","Homo sapiens"
"SRM","P19623","","spermidine synthase(SRM)","Homo sapiens"
"SRP14","P37108","","signal recognition particle 14(SRP14)","Homo sapiens"
"SRP54","P61011","","signal recognition particle 54(SRP54)","Homo sapiens"
"SRP68","Q9UHB9","","signal recognition particle 68(SRP68)","Homo sapiens"
"SRP9","P49458","","signal recognition particle 9(SRP9)","Homo sapiens"
"SRPK1","Q96SB4","","SRSF protein kinase 1(SRPK1)","Homo sapiens"
"SSRP1","Q08945","","structure specific recognition protein 1(SSRP1)","Homo sapiens"
"ST13","P50502","","ST13 Hsp70 interacting protein(ST13)","Homo sapiens"
"ST13P4","Q8IZP2","","ST13, Hsp70 interacting protein pseudogene 4(ST13P4)","Homo sapiens"
"ST13P5","Q8NFI4","","ST13, Hsp70 interacting protein pseudogene 5(ST13P5)","Homo sapiens"
"STAG1","Q8WVM7","","STAG1 cohesin complex component(STAG1)","Homo sapiens"
"STAG2","Q8N3U4","","STAG2 cohesin complex component(STAG2)","Homo sapiens"
"STAM","Q92783","","signal transducing adaptor molecule(STAM)","Homo sapiens"
"STAM2","O75886","","signal transducing adaptor molecule 2(STAM2)","Homo sapiens"
"STAMBP","O95630","","STAM binding protein(STAMBP)","Homo sapiens"
"STEEP1","Q9H5V9","","STING1 ER exit protein 1(STEEP1)","Homo sapiens"
"STIM1","Q13586","","stromal interaction molecule 1(STIM1)","Homo sapiens"
"STIP1","P31948","","stress induced phosphoprotein 1(STIP1)","Homo sapiens"
"STK11IP","Q8N1F8","","serine/threonine kinase 11 interacting protein(STK11IP)","Homo sapiens"
"STK24","Q9Y6E0","","serine/threonine kinase 24(STK24)","Homo sapiens"
"STK25","O00506","","serine/threonine kinase 25(STK25)","Homo sapiens"
"STK26","Q9P289","","serine/threonine kinase 26(STK26)","Homo sapiens"
"STK3","Q13188","","serine/threonine kinase 3(STK3)","Homo sapiens"
"STK38","Q15208","","serine/threonine kinase 38(STK38)","Homo sapiens"
"STK38L","Q9Y2H1","","serine/threonine kinase 38 like(STK38L)","Homo sapiens"
"STK39","Q9UEW8","","serine/threonine kinase 39(STK39)","Homo sapiens"
"STK4","Q13043","","serine/threonine kinase 4(STK4)","Homo sapiens"
"STRBP","Q96SI9","","spermatid perinuclear RNA binding protein(STRBP)","Homo sapiens"
"STRN3","Q13033","","striatin 3(STRN3)","Homo sapiens"
"STUB1","Q9UNE7","","STIP1 homology and U-box containing protein 1(STUB1)","Homo sapiens"
"STXBP2","Q15833","","syntaxin binding protein 2(STXBP2)","Homo sapiens"
"SUB1","P53999","","SUB1 regulator of transcription(SUB1)","Homo sapiens"
"SUGP1","Q8IWZ8","","SURP and G-patch domain containing 1(SUGP1)","Homo sapiens"
"SUMO1","P63165","","small ubiquitin like modifier 1(SUMO1)","Homo sapiens"
"SUMO1P1","G2XKQ0","","SUMO1 pseudogene 1(SUMO1P1)","Homo sapiens"
"SUPT16H","Q9Y5B9","","SPT16 homolog, facilitates chromatin remodeling subunit(SUPT16H)","Homo sapiens"
"SYNRG","Q9UMZ2","","synergin gamma(SYNRG)","Homo sapiens"
"TAB1","Q15750","","TGF-beta activated kinase 1 (MAP3K7) binding protein 1(TAB1)","Homo sapiens"
"TAB3","Q8N5C8","","TGF-beta activated kinase 1 (MAP3K7) binding protein 3(TAB3)","Homo sapiens"
"TACC1","O75410","","transforming acidic coiled-coil containing protein 1(TACC1)","Homo sapiens"
"TAF5L","O75529","","TATA-box binding protein associated factor 5 like(TAF5L)","Homo sapiens"
"TAGLN2","P37802","","transgelin 2(TAGLN2)","Homo sapiens"
"TALDO1","P37837","","transaldolase 1(TALDO1)","Homo sapiens"
"TANK","Q92844","","TRAF family member associated NFKB activator(TANK)","Homo sapiens"
"TAOK3","Q9H2K8","","TAO kinase 3(TAOK3)","Homo sapiens"
"TAP1","Q03518","","transporter 1, ATP binding cassette subfamily B member(TAP1)","Homo sapiens"
"TARBP2","Q15633","","TARBP2 subunit of RISC loading complex(TARBP2)","Homo sapiens"
"TARS2","Q9BW92","","threonyl-tRNA synthetase 2, mitochondrial(TARS2)","Homo sapiens"
"TARS3","A2RTX5","","threonyl-tRNA synthetase 3(TARS3)","Homo sapiens"
"TASOR2","Q5VWN6","","transcription activation suppressor family member 2(TASOR2)","Homo sapiens"
"TATDN1","Q6P1N9","","TatD DNase domain containing 1(TATDN1)","Homo sapiens"
"TBC1D22A","Q8WUA7","","TBC1 domain family member 22A(TBC1D22A)","Homo sapiens"
"TBC1D22B","Q9NU19","","TBC1 domain family member 22B(TBC1D22B)","Homo sapiens"
"TBC1D24","Q9ULP9","","TBC1 domain family member 24(TBC1D24)","Homo sapiens"
"TBC1D7","Q9P0N9","","TBC1 domain family member 7(TBC1D7)","Homo sapiens"
"TBC1D7-LOC100130357","Q9P0N9","","TBC1D7-LOC100130357 readthrough(TBC1D7-LOC100130357)","Homo sapiens"
"TBCB","Q99426","","tubulin folding cofactor B(TBCB)","Homo sapiens"
"TBCD","Q9BTW9","","tubulin folding cofactor D(TBCD)","Homo sapiens"
"TBL3","Q12788","","transducin beta like 3(TBL3)","Homo sapiens"
"TCHH","Q07283","","trichohyalin(TCHH)","Homo sapiens"
"TCP11L1","Q9NUJ3","","t-complex 11 like 1(TCP11L1)","Homo sapiens"
"TDP1","Q9NUW8","","tyrosyl-DNA phosphodiesterase 1(TDP1)","Homo sapiens"
"TFCP2","Q12800","","transcription factor CP2(TFCP2)","Homo sapiens"
"TGFBI","Q15582","","transforming growth factor beta induced(TGFBI)","Homo sapiens"
"THAP11","Q96EK4","","THAP domain containing 11(THAP11)","Homo sapiens"
"THOC3","Q96J01","","THO complex subunit 3(THOC3)","Homo sapiens"
"THOC6","Q86W42","","THO complex subunit 6(THOC6)","Homo sapiens"
"THUMPD1","Q9NXG2","","THUMP domain 1 NAT10 acetyltransferase adaptor(THUMPD1)","Homo sapiens"
"TJAP1","Q5JTD0","","tight junction associated protein 1(TJAP1)","Homo sapiens"
"TJP1","Q07157","","tight junction protein 1(TJP1)","Homo sapiens"
"TJP2","Q9UDY2","","tight junction protein 2(TJP2)","Homo sapiens"
"TLE3","Q04726","","TLE family member 3, transcriptional corepressor(TLE3)","Homo sapiens"
"TLE4","Q04727","","TLE family member 4, transcriptional corepressor(TLE4)","Homo sapiens"
"TMA7","Q9Y2S6","","translation machinery associated 7 homolog(TMA7)","Homo sapiens"
"TMCO1","Q9UM00","","transmembrane and coiled-coil domains 1(TMCO1)","Homo sapiens"
"TMED4","Q7Z7H5","","transmembrane p24 trafficking protein 4(TMED4)","Homo sapiens"
"TMED7","Q9Y3B3","","transmembrane p24 trafficking protein 7(TMED7)","Homo sapiens"
"TMEM109","Q9BVC6","","transmembrane protein 109(TMEM109)","Homo sapiens"
"TMEM259","Q4ZIN3","","transmembrane protein 259(TMEM259)","Homo sapiens"
"TMEM68","Q96MH6","","transmembrane protein 68(TMEM68)","Homo sapiens"
"TMF1","P82094","","TATA element modulatory factor 1(TMF1)","Homo sapiens"
"TMSB4X","P62328","","thymosin beta 4 X-linked(TMSB4X)","Homo sapiens"
"TMX2","Q9Y320","","thioredoxin related transmembrane protein 2(TMX2)","Homo sapiens"
"TNC","P24821","","tenascin C(TNC)","Homo sapiens"
"TNFAIP3","P21580","","TNF alpha induced protein 3(TNFAIP3)","Homo sapiens"
"TNFRSF21","O75509","","TNF receptor superfamily member 21(TNFRSF21)","Homo sapiens"
"TNIK","Q9UKE5","","TRAF2 and NCK interacting kinase(TNIK)","Homo sapiens"
"TNIP1","Q15025","","TNFAIP3 interacting protein 1(TNIP1)","Homo sapiens"
"TNIP2","Q8NFZ5","","TNFAIP3 interacting protein 2(TNIP2)","Homo sapiens"
"TNKS","O95271","","tankyrase(TNKS)","Homo sapiens"
"TNKS2","Q9H2K2","","tankyrase 2(TNKS2)","Homo sapiens"
"TNPO1","Q92973","","transportin 1(TNPO1)","Homo sapiens"
"TNPO2","O14787","","transportin 2(TNPO2)","Homo sapiens"
"TNPO3","Q9Y5L0","","transportin 3(TNPO3)","Homo sapiens"
"TNRC6B","Q9UPQ9","","trinucleotide repeat containing adaptor 6B(TNRC6B)","Homo sapiens"
"TOB1","P50616","","transducer of ERBB2, 1(TOB1)","Homo sapiens"
"TOE1","Q96GM8","","target of EGR1, exonuclease(TOE1)","Homo sapiens"
"TOM1","O60784","","target of myb1 membrane trafficking protein(TOM1)","Homo sapiens"
"TOMM20","Q15388","","translocase of outer mitochondrial membrane 20(TOMM20)","Homo sapiens"
"TOMM34","Q15785","","translocase of outer mitochondrial membrane 34(TOMM34)","Homo sapiens"
"TOMM5","Q8N4H5","","translocase of outer mitochondrial membrane 5(TOMM5)","Homo sapiens"
"TONSL","Q96HA7","","tonsoku like, DNA repair protein(TONSL)","Homo sapiens"
"TOP2B","Q02880","","DNA topoisomerase II beta(TOP2B)","Homo sapiens"
"TPM3","P06753","","tropomyosin 3(TPM3)","Homo sapiens"
"TPT1","P13693","","tumor protein, translationally-controlled 1(TPT1)","Homo sapiens"
"TRADD","Q15628","","TNFRSF1A associated via death domain(TRADD)","Homo sapiens"
"TRAF3","Q13114","","TNF receptor associated factor 3(TRAF3)","Homo sapiens"
"TRAM1","Q15629","","translocation associated membrane protein 1(TRAM1)","Homo sapiens"
"TRAPPC11","Q7Z392","","trafficking protein particle complex subunit 11(TRAPPC11)","Homo sapiens"
"TRAPPC12","Q8WVT3","","trafficking protein particle complex subunit 12(TRAPPC12)","Homo sapiens"
"TRAPPC9","Q96Q05","","trafficking protein particle complex subunit 9(TRAPPC9)","Homo sapiens"
"TRIM27","P14373","","tripartite motif containing 27(TRIM27)","Homo sapiens"
"TRIM29","Q14134","","tripartite motif containing 29(TRIM29)","Homo sapiens"
"TRIM65","Q6PJ69","","tripartite motif containing 65(TRIM65)","Homo sapiens"
"TRIM67","Q6ZTA4","","tripartite motif containing 67(TRIM67)","Homo sapiens"
"TRIM9","Q9C026","","tripartite motif containing 9(TRIM9)","Homo sapiens"
"TRIO","O75962","","trio Rho guanine nucleotide exchange factor(TRIO)","Homo sapiens"
"TRIP10","Q15642","","thyroid hormone receptor interactor 10(TRIP10)","Homo sapiens"
"TRIP12","Q14669","","thyroid hormone receptor interactor 12(TRIP12)","Homo sapiens"
"TRIP13","Q15645","","thyroid hormone receptor interactor 13(TRIP13)","Homo sapiens"
"TRMT1","Q9NXH9","","tRNA methyltransferase 1(TRMT1)","Homo sapiens"
"TRMT1L","Q7Z2T5","","tRNA methyltransferase 1L(TRMT1L)","Homo sapiens"
"TRNT1","Q96Q11","","tRNA nucleotidyl transferase 1(TRNT1)","Homo sapiens"
"TRPT1","Q86TN4","","tRNA phosphotransferase 1(TRPT1)","Homo sapiens"
"TRRAP","Q9Y4A5","","transformation/transcription domain associated protein(TRRAP)","Homo sapiens"
"TSC2","P49815","","TSC complex subunit 2(TSC2)","Homo sapiens"
"TSG101","Q99816","","tumor susceptibility 101(TSG101)","Homo sapiens"
"TSHZ2","Q9NRE2","","teashirt zinc finger homeobox 2(TSHZ2)","Homo sapiens"
"TSN","Q15631","","translin(TSN)","Homo sapiens"
"TSR1","Q2NL82","","TSR1 ribosome maturation factor(TSR1)","Homo sapiens"
"TTI1","O43156","","TELO2 interacting protein 1(TTI1)","Homo sapiens"
"TTLL12","Q14166","","tubulin tyrosine ligase like 12(TTLL12)","Homo sapiens"
"TUBA1A","Q71U36","","tubulin alpha 1a(TUBA1A)","Homo sapiens"
"TUBA1B","P68363","","tubulin alpha 1b(TUBA1B)","Homo sapiens"
"TUBA1C","Q9BQE3","","tubulin alpha 1c(TUBA1C)","Homo sapiens"
"TUBA3C","Q6PEY2,P0DPH7","","tubulin alpha 3c(TUBA3C)","Homo sapiens"
"TUBA3D","P0DPH8,Q6PEY2","","tubulin alpha 3d(TUBA3D)","Homo sapiens"
"TUBA3E","Q6PEY2","","tubulin alpha 3e(TUBA3E)","Homo sapiens"
"TUBA4A","P68366","","tubulin alpha 4a(TUBA4A)","Homo sapiens"
"TUBA8","Q9NY65","","tubulin alpha 8(TUBA8)","Homo sapiens"
"TUBAL3","A6NHL2","","tubulin alpha like 3(TUBAL3)","Homo sapiens"
"TUBB2A","Q13885","","tubulin beta 2A class IIa(TUBB2A)","Homo sapiens"
"TUBB2B","Q9BVA1","","tubulin beta 2B class IIb(TUBB2B)","Homo sapiens"
"TUBB3","Q13509","","tubulin beta 3 class III(TUBB3)","Homo sapiens"
"TUBB4A","P04350","","tubulin beta 4A class IVa(TUBB4A)","Homo sapiens"
"TUBB6","Q9BUF5","","tubulin beta 6 class V(TUBB6)","Homo sapiens"
"TUBGCP5","Q96RT8","","tubulin gamma complex component 5(TUBGCP5)","Homo sapiens"
"TUT4","Q5TAX3","","terminal uridylyl transferase 4(TUT4)","Homo sapiens"
"TUT7","Q5VYS8","","terminal uridylyl transferase 7(TUT7)","Homo sapiens"
"TXNDC9","O14530","","thioredoxin domain containing 9(TXNDC9)","Homo sapiens"
"TXNL1","O43396","","thioredoxin like 1(TXNL1)","Homo sapiens"
"UACA","Q9BZF9","","uveal autoantigen with coiled-coil domains and ankyrin repeats(UACA)","Homo sapiens"
"UAP1","Q16222","","UDP-N-acetylglucosamine pyrophosphorylase 1(UAP1)","Homo sapiens"
"UBA1","P22314","","ubiquitin like modifier activating enzyme 1(UBA1)","Homo sapiens"
"UBA52","P62987","","ubiquitin A-52 residue ribosomal protein fusion product 1(UBA52)","Homo sapiens"
"UBA6","A0AVT1","","ubiquitin like modifier activating enzyme 6(UBA6)","Homo sapiens"
"UBAP2L","Q14157","","ubiquitin associated protein 2 like(UBAP2L)","Homo sapiens"
"UBB","P0CG47","","ubiquitin B(UBB)","Homo sapiens"
"UBC","P0CG48","","ubiquitin C(UBC)","Homo sapiens"
"UBE2M","P61081","","ubiquitin conjugating enzyme E2 M(UBE2M)","Homo sapiens"
"UBE2N","P61088","","ubiquitin conjugating enzyme E2 N(UBE2N)","Homo sapiens"
"UBE2NL","Q5JXB2","","ubiquitin conjugating enzyme E2 N like (gene/pseudogene)(UBE2NL)","Homo sapiens"
"UBE2V1","Q13404","","ubiquitin conjugating enzyme E2 V1(UBE2V1)","Homo sapiens"
"UBE3A","Q05086","","ubiquitin protein ligase E3A(UBE3A)","Homo sapiens"
"UBE3C","Q15386","","ubiquitin protein ligase E3C(UBE3C)","Homo sapiens"
"UBFD1","O14562","","ubiquitin family domain containing 1(UBFD1)","Homo sapiens"
"UBL4A","P11441","","ubiquitin like 4A(UBL4A)","Homo sapiens"
"UBLCP1","Q8WVY7","","ubiquitin like domain containing CTD phosphatase 1(UBLCP1)","Homo sapiens"
"UBR2","Q8IWV8","","ubiquitin protein ligase E3 component n-recognin 2(UBR2)","Homo sapiens"
"UBR4","Q5T4S7","","ubiquitin protein ligase E3 component n-recognin 4(UBR4)","Homo sapiens"
"UBR5","O95071","","ubiquitin protein ligase E3 component n-recognin 5(UBR5)","Homo sapiens"
"UBR7","Q8N806","","ubiquitin protein ligase E3 component n-recognin 7(UBR7)","Homo sapiens"
"UBTF","P17480","","upstream binding transcription factor(UBTF)","Homo sapiens"
"UBXN1","Q04323","","UBX domain protein 1(UBXN1)","Homo sapiens"
"UBXN4","Q92575","","UBX domain protein 4(UBXN4)","Homo sapiens"
"UGGT2","Q9NYU1","","UDP-glucose glycoprotein glucosyltransferase 2(UGGT2)","Homo sapiens"
"UNC45A","Q9H3U1","","unc-45 myosin chaperone A(UNC45A)","Homo sapiens"
"UPF2","Q9HAU5","","UPF2 regulator of nonsense mediated mRNA decay(UPF2)","Homo sapiens"
"UPK3BL1","B0FP48","","uroplakin 3B like 1(UPK3BL1)","Homo sapiens"
"UPK3BL2","E5RIL1","","uroplakin 3B like 2(UPK3BL2)","Homo sapiens"
"URB1","O60287","","URB1 ribosome biogenesis homolog(URB1)","Homo sapiens"
"USP10","Q14694","","ubiquitin specific peptidase 10(USP10)","Homo sapiens"
"USP11","P51784","","ubiquitin specific peptidase 11(USP11)","Homo sapiens"
"USP18","Q9UMW8","","ubiquitin specific peptidase 18(USP18)","Homo sapiens"
"USP19","O94966","","ubiquitin specific peptidase 19(USP19)","Homo sapiens"
"USP3","Q9Y6I4","","ubiquitin specific peptidase 3(USP3)","Homo sapiens"
"USP36","Q9P275","","ubiquitin specific peptidase 36(USP36)","Homo sapiens"
"USP4","Q13107","","ubiquitin specific peptidase 4(USP4)","Homo sapiens"
"USP6NL","Q92738","","USP6 N-terminal like(USP6NL)","Homo sapiens"
"USP7","Q93009","","ubiquitin specific peptidase 7(USP7)","Homo sapiens"
"UTP14A","Q9BVJ6","","UTP14A small subunit processome component(UTP14A)","Homo sapiens"
"UTP14C","Q5TAP6","","UTP14C small subunit processome component(UTP14C)","Homo sapiens"
"UTP3","Q9NQZ2","","UTP3 small subunit processome component(UTP3)","Homo sapiens"
"UTRN","P46939","","utrophin(UTRN)","Homo sapiens"
"UTY","O14607","","ubiquitously transcribed tetratricopeptide repeat containing, Y-linked(UTY)","Homo sapiens"
"VAC14","Q08AM6","","VAC14 component of PIKFYVE complex(VAC14)","Homo sapiens"
"VCP","P55072","","valosin containing protein(VCP)","Homo sapiens"
"VCPIP1","Q96JH7","","valosin containing protein interacting protein 1(VCPIP1)","Homo sapiens"
"VIPAS39","Q9H9C1","","VPS33B interacting protein, apical-basolateral polarity regulator, spe-39 homolog(VIPAS39)","Homo sapiens"
"VPS13D","Q5THJ4","","vacuolar protein sorting 13 homolog D(VPS13D)","Homo sapiens"
"VPS26C","O14972","","VPS26 endosomal protein sorting factor C(VPS26C)","Homo sapiens"
"VPS33A","Q96AX1","","VPS33A core subunit of CORVET and HOPS complexes(VPS33A)","Homo sapiens"
"VPS41","P49754","","VPS41 subunit of HOPS complex(VPS41)","Homo sapiens"
"VPS4A","Q9UN37","","vacuolar protein sorting 4 homolog A(VPS4A)","Homo sapiens"
"VPS52","Q8N1B4","","VPS52 subunit of GARP complex(VPS52)","Homo sapiens"
"WAPL","Q7Z5K2","","WAPL cohesin release factor(WAPL)","Homo sapiens"
"WASHC2A","Q641Q2","","WASH complex subunit 2A(WASHC2A)","Homo sapiens"
"WASHC2C","Q641Q2","","WASH complex subunit 2C(WASHC2C)","Homo sapiens"
"WASHC4","Q2M389","","WASH complex subunit 4(WASHC4)","Homo sapiens"
"WDFY1","Q8IWB7","","WD repeat and FYVE domain containing 1(WDFY1)","Homo sapiens"
"WDR3","Q9UNX4","","WD repeat domain 3(WDR3)","Homo sapiens"
"WDR36","Q8NI36","","WD repeat domain 36(WDR36)","Homo sapiens"
"WDR43","Q15061","","WD repeat domain 43(WDR43)","Homo sapiens"
"WDR46","O15213","","WD repeat domain 46(WDR46)","Homo sapiens"
"WDR62","O43379","","WD repeat domain 62(WDR62)","Homo sapiens"
"WDR70","Q9NW82","","WD repeat domain 70(WDR70)","Homo sapiens"
"WDR74","Q6RFH5","","WD repeat domain 74(WDR74)","Homo sapiens"
"WDR75","Q8IWA0","","WD repeat domain 75(WDR75)","Homo sapiens"
"WDR91","A4D1P6","","WD repeat domain 91(WDR91)","Homo sapiens"
"WTAP","Q15007","","WT1 associated protein(WTAP)","Homo sapiens"
"XPC","Q01831","","XPC complex subunit, DNA damage recognition and repair factor(XPC)","Homo sapiens"
"XPO6","Q96QU8","","exportin 6(XPO6)","Homo sapiens"
"XRCC4","Q13426","","X-ray repair cross complementing 4(XRCC4)","Homo sapiens"
"YARS1","P54577","","tyrosyl-tRNA synthetase 1(YARS1)","Homo sapiens"
"YES1","P07947","","YES proto-oncogene 1, Src family tyrosine kinase(YES1)","Homo sapiens"
"YME1L1","Q96TA2","","YME1 like 1 ATPase(YME1L1)","Homo sapiens"
"YWHAB","P31946","","tyrosine 3-monooxygenase/tryptophan 5-monooxygenase activation protein beta(YWHAB)","Homo sapiens"
"YWHAE","P62258","","tyrosine 3-monooxygenase/tryptophan 5-monooxygenase activation protein epsilon(YWHAE)","Homo sapiens"
"YWHAG","P61981","","tyrosine 3-monooxygenase/tryptophan 5-monooxygenase activation protein gamma(YWHAG)","Homo sapiens"
"YWHAH","Q04917","","tyrosine 3-monooxygenase/tryptophan 5-monooxygenase activation protein eta(YWHAH)","Homo sapiens"
"YWHAQ","P27348","","tyrosine 3-monooxygenase/tryptophan 5-monooxygenase activation protein theta(YWHAQ)","Homo sapiens"
"YWHAZ","P63104","","tyrosine 3-monooxygenase/tryptophan 5-monooxygenase activation protein zeta(YWHAZ)","Homo sapiens"
"ZBTB1","Q9Y2K1","","zinc finger and BTB domain containing 1(ZBTB1)","Homo sapiens"
"ZC3H11A","O75152","","zinc finger CCCH-type containing 11A(ZC3H11A)","Homo sapiens"
"ZC3H11B","A0A1B0GTU1","","zinc finger CCCH-type containing 11B(ZC3H11B)","Homo sapiens"
"ZC3H15","Q8WU90","","zinc finger CCCH-type containing 15(ZC3H15)","Homo sapiens"
"ZC3H4","Q9UPT8","","zinc finger CCCH-type containing 4(ZC3H4)","Homo sapiens"
"ZCCHC4","Q9H5U6","","zinc finger CCHC-type containing 4(ZCCHC4)","Homo sapiens"
"ZCCHC8","Q6NZY4","","zinc finger CCHC-type containing 8(ZCCHC8)","Homo sapiens"
"ZDHHC13","Q8IUH4","","zinc finger DHHC-type palmitoyltransferase 13(ZDHHC13)","Homo sapiens"
"ZMAT2","Q96NC0","","zinc finger matrin-type 2(ZMAT2)","Homo sapiens"
"ZMYM3","Q14202","","zinc finger MYM-type containing 3(ZMYM3)","Homo sapiens"
"ZNF146","Q15072","","zinc finger protein 146(ZNF146)","Homo sapiens"
"ZNF24","P17028","","zinc finger protein 24(ZNF24)","Homo sapiens"
"ZNF318","Q5VUA4","","zinc finger protein 318(ZNF318)","Homo sapiens"
"ZNF622","Q969S3","","zinc finger protein 622(ZNF622)","Homo sapiens"
"ZNF787","Q6DD87","","zinc finger protein 787(ZNF787)","Homo sapiens"
"ZNF830","Q96NB3","","zinc finger protein 830(ZNF830)","Homo sapiens"
"ZNFX1","Q9P2E3","","zinc finger NFX1-type containing 1(ZNFX1)","Homo sapiens"
"ZRANB2","O95218","","zinc finger RANBP2-type containing 2(ZRANB2)","Homo sapiens"
"ZWILCH","Q9H900","","zwilch kinetochore protein(ZWILCH)","Homo sapiens"

