"OFFICIAL_GENE_SYMBOL","Original ID","Value","Gene Name","Species"
"AACS","Q86V21","","acetoacetyl-CoA synthetase(AACS)","Homo sapiens"
"AAGAB","Q6PD74","","alpha and gamma adaptin binding protein(AAGAB)","Homo sapiens"
"AARD","Q4LEZ3","","alanine and arginine rich domain containing protein(AARD)","Homo sapiens"
"AARSD1","Q9BTE6","","alanyl-tRNA synthetase domain containing 1(AARSD1)","Homo sapiens"
"ABAT","P80404","","4-aminobutyrate aminotransferase(ABAT)","Homo sapiens"
"ABCA12","Q86UK0","","ATP binding cassette subfamily A member 12(ABCA12)","Homo sapiens"
"ABCA3","Q99758","","ATP binding cassette subfamily A member 3(ABCA3)","Homo sapiens"
"ABCB6","Q9NP58","","ATP binding cassette subfamily B member 6 (LAN blood group)(ABCB6)","Homo sapiens"
"ABCB7","O75027","","ATP binding cassette subfamily B member 7(ABCB7)","Homo sapiens"
"ABCB8","Q9NUT2","","ATP binding cassette subfamily B member 8(ABCB8)","Homo sapiens"
"ABCC10","Q5T3U5","","ATP binding cassette subfamily C member 10(ABCC10)","Homo sapiens"
"ABCC11","Q96J66","","ATP binding cassette subfamily C member 11(ABCC11)","Homo sapiens"
"ABCC5","O15440","","ATP binding cassette subfamily C member 5(ABCC5)","Homo sapiens"
"ABCC9","O60706","","ATP binding cassette subfamily C member 9(ABCC9)","Homo sapiens"
"ABCD4","O14678","","ATP binding cassette subfamily D member 4(ABCD4)","Homo sapiens"
"ABCF1","Q8NE71","","ATP binding cassette subfamily F member 1(ABCF1)","Homo sapiens"
"ABCG2","Q9UNQ0","","ATP binding cassette subfamily G member 2 (JR blood group)(ABCG2)","Homo sapiens"
"ABHD12","Q8N2K0","","abhydrolase domain containing 12, lysophospholipase(ABHD12)","Homo sapiens"
"ABHD13","Q7L211","","abhydrolase domain containing 13(ABHD13)","Homo sapiens"
"ABHD16A","O95870","","abhydrolase domain containing 16A, phospholipase(ABHD16A)","Homo sapiens"
"ABHD17B","Q5VST6","","abhydrolase domain containing 17B, depalmitoylase(ABHD17B)","Homo sapiens"
"ABHD17C","Q6PCB6","","abhydrolase domain containing 17C, depalmitoylase(ABHD17C)","Homo sapiens"
"ABHD2","P08910","","abhydrolase domain containing 2, acylglycerol lipase(ABHD2)","Homo sapiens"
"ABI2","Q9NYB9","","abl interactor 2(ABI2)","Homo sapiens"
"ACAA2","P42765","","acetyl-CoA acyltransferase 2(ACAA2)","Homo sapiens"
"ACAD10","Q6JQN1","","acyl-CoA dehydrogenase family member 10(ACAD10)","Homo sapiens"
"ACADM","P11310","","acyl-CoA dehydrogenase medium chain(ACADM)","Homo sapiens"
"ACADVL","P49748","","acyl-CoA dehydrogenase very long chain(ACADVL)","Homo sapiens"
"ACOT1","Q86TX2","","acyl-CoA thioesterase 1(ACOT1)","Homo sapiens"
"ACOT2","P49753","","acyl-CoA thioesterase 2(ACOT2)","Homo sapiens"
"ACOT9","Q9Y305","","acyl-CoA thioesterase 9(ACOT9)","Homo sapiens"
"ACSL1","P33121","","acyl-CoA synthetase long chain family member 1(ACSL1)","Homo sapiens"
"ACSL6","Q9UKU0","","acyl-CoA synthetase long chain family member 6(ACSL6)","Homo sapiens"
"ACSS1","Q9NUB1","","acyl-CoA synthetase short chain family member 1(ACSS1)","Homo sapiens"
"ACSS2","Q9NR19","","acyl-CoA synthetase short chain family member 2(ACSS2)","Homo sapiens"
"ACTBL2","Q562R1","","actin beta like 2(ACTBL2)","Homo sapiens"
"ACTN1","P12814","","actinin alpha 1(ACTN1)","Homo sapiens"
"ACTN2","P35609","","actinin alpha 2(ACTN2)","Homo sapiens"
"ACTN3","Q08043","","actinin alpha 3(ACTN3)","Homo sapiens"
"ACTN4","O43707","","actinin alpha 4(ACTN4)","Homo sapiens"
"ACTR1A","P61163","","actin related protein 1A(ACTR1A)","Homo sapiens"
"ACTR1B","P42025","","actin related protein 1B(ACTR1B)","Homo sapiens"
"ACTR5","Q9H9F9","","actin related protein 5(ACTR5)","Homo sapiens"
"ADAM17","P78536","","ADAM metallopeptidase domain 17(ADAM17)","Homo sapiens"
"ADCK1","Q86TW2","","aarF domain containing kinase 1(ADCK1)","Homo sapiens"
"ADCK5","Q3MIX3","","aarF domain containing kinase 5(ADCK5)","Homo sapiens"
"ADCY2","Q08462","","adenylate cyclase 2(ADCY2)","Homo sapiens"
"ADCY5","O95622","","adenylate cyclase 5(ADCY5)","Homo sapiens"
"ADCY6","O43306","","adenylate cyclase 6(ADCY6)","Homo sapiens"
"ADGRG1","Q9Y653","","adhesion G protein-coupled receptor G1(ADGRG1)","Homo sapiens"
"ADGRV1","Q8WXG9","","adhesion G protein-coupled receptor V1(ADGRV1)","Homo sapiens"
"ADH1C","P00326","","alcohol dehydrogenase 1C (class I), gamma polypeptide(ADH1C)","Homo sapiens"
"ADI1","Q9BV57","","acireductone dioxygenase 1(ADI1)","Homo sapiens"
"ADIPOR2","Q86V24","","adiponectin receptor 2(ADIPOR2)","Homo sapiens"
"ADPGK","Q9BRR6","","ADP dependent glucokinase(ADPGK)","Homo sapiens"
"AFAP1L2","Q8N4X5","","actin filament associated protein 1 like 2(AFAP1L2)","Homo sapiens"
"AGPAT2","O15120","","1-acylglycerol-3-phosphate O-acyltransferase 2(AGPAT2)","Homo sapiens"
"AGPAT3","Q9NRZ7","","1-acylglycerol-3-phosphate O-acyltransferase 3(AGPAT3)","Homo sapiens"
"AGPAT5","Q9NUQ2","","1-acylglycerol-3-phosphate O-acyltransferase 5(AGPAT5)","Homo sapiens"
"AGTRAP","Q6RW13","","angiotensin II receptor associated protein(AGTRAP)","Homo sapiens"
"AHCYL2","Q96HN2","","adenosylhomocysteinase like 2(AHCYL2)","Homo sapiens"
"AHNAK2","Q8IVF2","","AHNAK nucleoprotein 2(AHNAK2)","Homo sapiens"
"AIF1L","Q9BQI0","","allograft inflammatory factor 1 like(AIF1L)","Homo sapiens"
"AJM1","C9J069","","apical junction component 1 homolog(AJM1)","Homo sapiens"
"AK3","Q9UIJ7","","adenylate kinase 3(AK3)","Homo sapiens"
"AKAP12","Q02952","","A-kinase anchoring protein 12(AKAP12)","Homo sapiens"
"AKAP8L","Q9ULX6","","A-kinase anchoring protein 8 like(AKAP8L)","Homo sapiens"
"AKR1A1","P14550","","aldo-keto reductase family 1 member A1(AKR1A1)","Homo sapiens"
"AKR1B10","O60218","","aldo-keto reductase family 1 member B10(AKR1B10)","Homo sapiens"
"AKR1C1","Q04828","","aldo-keto reductase family 1 member C1(AKR1C1)","Homo sapiens"
"AKR1C2","P52895","","aldo-keto reductase family 1 member C2(AKR1C2)","Homo sapiens"
"AKR1C3","P42330","","aldo-keto reductase family 1 member C3(AKR1C3)","Homo sapiens"
"AKR7A3","O95154","","aldo-keto reductase family 7 member A3(AKR7A3)","Homo sapiens"
"AKR7L","Q8NHP1","","aldo-keto reductase family 7 like (gene/pseudogene)(AKR7L)","Homo sapiens"
"AKT1","P31749","","AKT serine/threonine kinase 1(AKT1)","Homo sapiens"
"AKT2","P31751","","AKT serine/threonine kinase 2(AKT2)","Homo sapiens"
"AKTIP","Q9H8T0","","AKT interacting protein(AKTIP)","Homo sapiens"
"ALDH1A1","P00352","","aldehyde dehydrogenase 1 family member A1(ALDH1A1)","Homo sapiens"
"ALDH1A2","O94788","","aldehyde dehydrogenase 1 family member A2(ALDH1A2)","Homo sapiens"
"ALDH1A3","P47895","","aldehyde dehydrogenase 1 family member A3(ALDH1A3)","Homo sapiens"
"ALDH1B1","P30837","","aldehyde dehydrogenase 1 family member B1(ALDH1B1)","Homo sapiens"
"ALDH1L1","O75891","","aldehyde dehydrogenase 1 family member L1(ALDH1L1)","Homo sapiens"
"ALDH1L2","Q3SY69","","aldehyde dehydrogenase 1 family member L2(ALDH1L2)","Homo sapiens"
"ALDH2","P05091","","aldehyde dehydrogenase 2 family member(ALDH2)","Homo sapiens"
"ALDH3B1","P43353","","aldehyde dehydrogenase 3 family member B1(ALDH3B1)","Homo sapiens"
"ALDH5A1","P51649","","aldehyde dehydrogenase 5 family member A1(ALDH5A1)","Homo sapiens"
"ALDH6A1","Q02252","","aldehyde dehydrogenase 6 family member A1(ALDH6A1)","Homo sapiens"
"ALDOC","P09972","","aldolase, fructose-bisphosphate C(ALDOC)","Homo sapiens"
"ALG14","Q96F25","","ALG14 UDP-N-acetylglucosaminyltransferase subunit(ALG14)","Homo sapiens"
"ALG2","Q9H553","","ALG2 alpha-1,3/1,6-mannosyltransferase(ALG2)","Homo sapiens"
"ALG5","Q9Y673","","ALG5 dolichyl-phosphate beta-glucosyltransferase(ALG5)","Homo sapiens"
"ALOX15B","O15296","","arachidonate 15-lipoxygenase type B(ALOX15B)","Homo sapiens"
"ALOX5","P09917","","arachidonate 5-lipoxygenase(ALOX5)","Homo sapiens"
"ALPP","P05187","","alkaline phosphatase, placental(ALPP)","Homo sapiens"
"ALS2CL","Q60I27","","ALS2 C-terminal like(ALS2CL)","Homo sapiens"
"AMACR","Q9UHK6","","alpha-methylacyl-CoA racemase(AMACR)","Homo sapiens"
"AMDHD2","Q9Y303","","amidohydrolase domain containing 2(AMDHD2)","Homo sapiens"
"AMOTL2","Q9Y2J4","","angiomotin like 2(AMOTL2)","Homo sapiens"
"ANAPC1","Q9H1A4","","anaphase promoting complex subunit 1(ANAPC1)","Homo sapiens"
"ANAPC2","Q9UJX6","","anaphase promoting complex subunit 2(ANAPC2)","Homo sapiens"
"ANAPC5","Q9UJX4","","anaphase promoting complex subunit 5(ANAPC5)","Homo sapiens"
"ANK2","Q01484","","ankyrin 2(ANK2)","Homo sapiens"
"ANK3","Q12955","","ankyrin 3(ANK3)","Homo sapiens"
"ANKIB1","Q9P2G1","","ankyrin repeat and IBR domain containing 1(ANKIB1)","Homo sapiens"
"ANKRD22","Q5VYY1","","ankyrin repeat domain 22(ANKRD22)","Homo sapiens"
"ANKRD26","Q9UPS8","","ankyrin repeat domain containing 26(ANKRD26)","Homo sapiens"
"ANKRD27","Q96NW4","","ankyrin repeat domain 27(ANKRD27)","Homo sapiens"
"ANKRD50","Q9ULJ7","","ankyrin repeat domain containing 50(ANKRD50)","Homo sapiens"
"ANKS1A","Q92625","","ankyrin repeat and sterile alpha motif domain containing 1A(ANKS1A)","Homo sapiens"
"ANO1","Q5XXA6","","anoctamin 1(ANO1)","Homo sapiens"
"ANO6","Q4KMQ2","","anoctamin 6(ANO6)","Homo sapiens"
"ANO8","Q9HCE9","","anoctamin 8(ANO8)","Homo sapiens"
"ANXA9","O76027","","annexin A9(ANXA9)","Homo sapiens"
"AP1S3","Q96PC3","","adaptor related protein complex 1 subunit sigma 3(AP1S3)","Homo sapiens"
"AP2A1","O95782","","adaptor related protein complex 2 subunit alpha 1(AP2A1)","Homo sapiens"
"APEH","P13798","","acylaminoacyl-peptide hydrolase(APEH)","Homo sapiens"
"APLP2","Q06481","","amyloid beta precursor like protein 2(APLP2)","Homo sapiens"
"APOB","P04114","","apolipoprotein B(APOB)","Homo sapiens"
"APOL2","Q9BQE5","","apolipoprotein L2(APOL2)","Homo sapiens"
"APOO","Q9BUR5","","apolipoprotein O(APOO)","Homo sapiens"
"APOOL","Q6UXV4","","apolipoprotein O like(APOOL)","Homo sapiens"
"APP","P05067","","amyloid beta precursor protein(APP)","Homo sapiens"
"APPL1","Q9UKG1","","adaptor protein, phosphotyrosine interacting with PH domain and leucine zipper 1(APPL1)","Homo sapiens"
"ARAF","P10398","","A-Raf proto-oncogene, serine/threonine kinase(ARAF)","Homo sapiens"
"ARAP2","Q8WZ64","","ArfGAP with RhoGAP domain, ankyrin repeat and PH domain 2(ARAP2)","Homo sapiens"
"ARF6","P62330","","ARF GTPase 6(ARF6)","Homo sapiens"
"ARFGEF1","Q9Y6D6","","ARF guanine nucleotide exchange factor 1(ARFGEF1)","Homo sapiens"
"ARFGEF2","Q9Y6D5","","ARF guanine nucleotide exchange factor 2(ARFGEF2)","Homo sapiens"
"ARFIP2","P53365","","ARF interacting protein 2(ARFIP2)","Homo sapiens"
"ARHGAP10","A1A4S6","","Rho GTPase activating protein 10(ARHGAP10)","Homo sapiens"
"ARHGAP21","A1A4S6","","Rho GTPase activating protein 21(ARHGAP21)","Homo sapiens"
"ARHGAP32","A7KAX9","","Rho GTPase activating protein 32(ARHGAP32)","Homo sapiens"
"ARHGAP8","P85298","","Rho GTPase activating protein 8(ARHGAP8)","Homo sapiens"
"ARHGEF10L","Q9HCE6","","Rho guanine nucleotide exchange factor 10 like(ARHGEF10L)","Homo sapiens"
"ARHGEF12","Q9NZN5","","Rho guanine nucleotide exchange factor 12(ARHGEF12)","Homo sapiens"
"ARHGEF16","Q5VV41","","Rho guanine nucleotide exchange factor 16(ARHGEF16)","Homo sapiens"
"ARHGEF37","A1IGU5","","Rho guanine nucleotide exchange factor 37(ARHGEF37)","Homo sapiens"
"ARHGEF39","Q8N4T4","","Rho guanine nucleotide exchange factor 39(ARHGEF39)","Homo sapiens"
"ARHGEF40","Q8TER5","","Rho guanine nucleotide exchange factor 40(ARHGEF40)","Homo sapiens"
"ARHGEF5","Q12774","","Rho guanine nucleotide exchange factor 5(ARHGEF5)","Homo sapiens"
"ARID1A","O14497","","AT-rich interaction domain 1A(ARID1A)","Homo sapiens"
"ARID1B","Q8NFD5","","AT-rich interaction domain 1B(ARID1B)","Homo sapiens"
"ARL6IP5","O75915","","ARF like GTPase 6 interacting protein 5(ARL6IP5)","Homo sapiens"
"ARMC10","Q8N2F6","","armadillo repeat containing 10(ARMC10)","Homo sapiens"
"ARMCX3","Q9UH62","","armadillo repeat containing X-linked 3(ARMCX3)","Homo sapiens"
"ARMH3","Q5T2E6","","armadillo like helical domain containing 3(ARMH3)","Homo sapiens"
"ARSD","P51689","","arylsulfatase D(ARSD)","Homo sapiens"
"ASAP3","Q8TDY4","","ArfGAP with SH3 domain, ankyrin repeat and PH domain 3(ASAP3)","Homo sapiens"
"ASL","P04424","","argininosuccinate lyase(ASL)","Homo sapiens"
"ASPSCR1","Q9BZE9","","ASPSCR1 tether for SLC2A4, UBX domain containing(ASPSCR1)","Homo sapiens"
"ATAD1","Q8NBU5","","ATPase family AAA domain containing 1(ATAD1)","Homo sapiens"
"ATF2","P15336","","activating transcription factor 2(ATF2)","Homo sapiens"
"ATF3","P18847","","activating transcription factor 3(ATF3)","Homo sapiens"
"ATF7","P17544","","activating transcription factor 7(ATF7)","Homo sapiens"
"ATG14","Q6ZNE5","","autophagy related 14(ATG14)","Homo sapiens"
"ATG9A","Q7Z3C6","","autophagy related 9A(ATG9A)","Homo sapiens"
"ATL1","Q8WXF7","","atlastin GTPase 1(ATL1)","Homo sapiens"
"ATM","Q13315","","ATM serine/threonine kinase(ATM)","Homo sapiens"
"ATP10D","Q9P241","","ATPase phospholipid transporting 10D (putative)(ATP10D)","Homo sapiens"
"ATP11B","Q9Y2G3","","ATPase phospholipid transporting 11B (putative)(ATP11B)","Homo sapiens"
"ATP13A2","Q9NQ11","","ATPase cation transporting 13A2(ATP13A2)","Homo sapiens"
"ATP13A3","Q9H7F0","","ATPase 13A3(ATP13A3)","Homo sapiens"
"ATP13A4","Q4VNC1","","ATPase 13A4(ATP13A4)","Homo sapiens"
"ATP1A1","P05023","","ATPase Na+/K+ transporting subunit alpha 1(ATP1A1)","Homo sapiens"
"ATP1A3","P13637","","ATPase Na+/K+ transporting subunit alpha 3(ATP1A3)","Homo sapiens"
"ATP1B1","P05026","","ATPase Na+/K+ transporting subunit beta 1(ATP1B1)","Homo sapiens"
"ATP2A1","O14983","","ATPase sarcoplasmic/endoplasmic reticulum Ca2+ transporting 1(ATP2A1)","Homo sapiens"
"ATP2B1","P20020","","ATPase plasma membrane Ca2+ transporting 1(ATP2B1)","Homo sapiens"
"ATP2B4","P23634","","ATPase plasma membrane Ca2+ transporting 4(ATP2B4)","Homo sapiens"
"ATP2C1","P98194","","ATPase secretory pathway Ca2+ transporting 1(ATP2C1)","Homo sapiens"
"ATP2C2","O75185","","ATPase secretory pathway Ca2+ transporting 2(ATP2C2)","Homo sapiens"
"ATP5PF","P18859","","ATP synthase peripheral stalk subunit F6(ATP5PF)","Homo sapiens"
"ATP6V0A4","Q9HBG4","","ATPase H+ transporting V0 subunit a4(ATP6V0A4)","Homo sapiens"
"ATP6V1C1","P21283","","ATPase H+ transporting V1 subunit C1(ATP6V1C1)","Homo sapiens"
"ATP6V1E1","P36543","","ATPase H+ transporting V1 subunit E1(ATP6V1E1)","Homo sapiens"
"ATP6V1E2","Q96A05","","ATPase H+ transporting V1 subunit E2(ATP6V1E2)","Homo sapiens"
"ATP6V1H","Q9UI12","","ATPase H+ transporting V1 subunit H(ATP6V1H)","Homo sapiens"
"ATP7B","P35670","","ATPase copper transporting beta(ATP7B)","Homo sapiens"
"ATP8B1","O43520","","ATPase phospholipid transporting 8B1(ATP8B1)","Homo sapiens"
"ATP9B","O43861","","ATPase phospholipid transporting 9B (putative)(ATP9B)","Homo sapiens"
"AUH","Q13825","","AU RNA binding methylglutaconyl-CoA hydratase(AUH)","Homo sapiens"
"AUP1","Q9Y679","","AUP1 lipid droplet regulating VLDL assembly factor(AUP1)","Homo sapiens"
"AVPI1","Q5T686","","arginine vasopressin induced 1(AVPI1)","Homo sapiens"
"AZI2","Q9H6S1","","5-azacytidine induced 2(AZI2)","Homo sapiens"
"B2M","P61769","","beta-2-microglobulin(B2M)","Homo sapiens"
"B3GALT5","Q9Y2C3","","beta-1,3-galactosyltransferase 5(B3GALT5)","Homo sapiens"
"B3GAT3","O94766","","beta-1,3-glucuronyltransferase 3(B3GAT3)","Homo sapiens"
"B3GNT3","Q9Y2A9","","UDP-GlcNAc:betaGal beta-1,3-N-acetylglucosaminyltransferase 3(B3GNT3)","Homo sapiens"
"B4GALT1","P15291","","beta-1,4-galactosyltransferase 1(B4GALT1)","Homo sapiens"
"B4GALT3","O60512","","beta-1,4-galactosyltransferase 3(B4GALT3)","Homo sapiens"
"B4GALT7","Q9UBV7","","beta-1,4-galactosyltransferase 7(B4GALT7)","Homo sapiens"
"BABAM2","Q9NXR7","","BRISC and BRCA1 A complex member 2(BABAM2)","Homo sapiens"
"BAD","Q92934","","BCL2 associated agonist of cell death(BAD)","Homo sapiens"
"BAG1","Q99933","","BAG cochaperone 1(BAG1)","Homo sapiens"
"BAG4","O95429","","BAG cochaperone 4(BAG4)","Homo sapiens"
"BARGIN","Q6ZT62","","Bargin(BARGIN)","Homo sapiens"
"BASP1","P80723","","brain abundant membrane attached signal protein 1(BASP1)","Homo sapiens"
"BATF3","Q9NR55","","basic leucine zipper ATF-like transcription factor 3(BATF3)","Homo sapiens"
"BAX","Q07812","","BCL2 associated X, apoptosis regulator(BAX)","Homo sapiens"
"BBS5","Q8N3I7","","Bardet-Biedl syndrome 5(BBS5)","Homo sapiens"
"BCAM","P50895","","basal cell adhesion molecule (Lutheran blood group)(BCAM)","Homo sapiens"
"BCAS1","O75363","","brain enriched myelin associated protein 1(BCAS1)","Homo sapiens"
"BCAT2","O15382","","branched chain amino acid transaminase 2(BCAT2)","Homo sapiens"
"BCKDHA","P12694","","branched chain keto acid dehydrogenase E1 subunit alpha(BCKDHA)","Homo sapiens"
"BCL2L13","Q9BXK5","","BCL2 like 13(BCL2L13)","Homo sapiens"
"BCL9","O00512","","BCL9 transcription coactivator(BCL9)","Homo sapiens"
"BDH1","Q02338","","3-hydroxybutyrate dehydrogenase 1(BDH1)","Homo sapiens"
"BDH2","Q9BUT1","","3-hydroxybutyrate dehydrogenase 2(BDH2)","Homo sapiens"
"BEND3","Q5T5X7","","BEN domain containing 3(BEND3)","Homo sapiens"
"BET1","O15155","","Bet1 golgi vesicular membrane trafficking protein(BET1)","Homo sapiens"
"BET1L","Q9NYM9","","Bet1 golgi vesicular membrane trafficking protein like(BET1L)","Homo sapiens"
"BGN","P21810","","biglycan(BGN)","Homo sapiens"
"BHLHE40","O14503","","basic helix-loop-helix family member e40(BHLHE40)","Homo sapiens"
"BHLHE41","Q9C0J9","","basic helix-loop-helix family member e41(BHLHE41)","Homo sapiens"
"BIN3","Q9NQY0","","bridging integrator 3(BIN3)","Homo sapiens"
"BIRC2","Q13490","","baculoviral IAP repeat containing 2(BIRC2)","Homo sapiens"
"BLOC1S3","Q6QNY0","","biogenesis of lysosomal organelles complex 1 subunit 3(BLOC1S3)","Homo sapiens"
"BLTP1","Q2LD37","","bridge-like lipid transfer protein family member 1(BLTP1)","Homo sapiens"
"BLZF1","Q9H2G9","","basic leucine zipper nuclear factor 1(BLZF1)","Homo sapiens"
"BMP1","P13497","","bone morphogenetic protein 1(BMP1)","Homo sapiens"
"BMPR1A","P36894","","bone morphogenetic protein receptor type 1A(BMPR1A)","Homo sapiens"
"BMPR1B","O00238","","bone morphogenetic protein receptor type 1B(BMPR1B)","Homo sapiens"
"BNC1","Q01954","","basonuclin zinc finger protein 1(BNC1)","Homo sapiens"
"BNC2","Q6ZN30","","basonuclin zinc finger protein 2(BNC2)","Homo sapiens"
"BNIP3L","O60238","","BCL2 interacting protein 3 like(BNIP3L)","Homo sapiens"
"BOK","Q9UMX3","","BCL2 family apoptosis regulator BOK(BOK)","Homo sapiens"
"BPGM","P07738","","bisphosphoglycerate mutase(BPGM)","Homo sapiens"
"BPHL","Q86WA6","","biphenyl hydrolase like(BPHL)","Homo sapiens"
"BPIFA2","Q96DR5","","BPI fold containing family A member 2(BPIFA2)","Homo sapiens"
"BRCC3","P46736","","BRCA1/BRCA2-containing complex subunit 3(BRCC3)","Homo sapiens"
"BRD3","Q15059","","bromodomain containing 3(BRD3)","Homo sapiens"
"BRD7","Q9NPI1","","bromodomain containing 7(BRD7)","Homo sapiens"
"BRINP3","Q76B58","","BMP/retinoic acid inducible neural specific 3(BRINP3)","Homo sapiens"
"BRIX1","Q8TDN6","","biogenesis of ribosomes BRX1(BRIX1)","Homo sapiens"
"BSG","P35613","","basigin (Ok blood group)(BSG)","Homo sapiens"
"BTBD9","Q96Q07","","BTB domain containing 9(BTBD9)","Homo sapiens"
"BTF3","P20290","","basic transcription factor 3(BTF3)","Homo sapiens"
"C14orf93","Q9H972","","chromosome 14 open reading frame 93(C14orf93)","Homo sapiens"
"C15orf48","Q9C002","","chromosome 15 open reading frame 48(C15orf48)","Homo sapiens"
"C19orf25","Q9UFG5","","chromosome 19 open reading frame 25(C19orf25)","Homo sapiens"
"C1GALT1C1","Q96EU7","","C1GALT1 specific chaperone 1(C1GALT1C1)","Homo sapiens"
"C1orf116","Q9BW04","","chromosome 1 open reading frame 116(C1orf116)","Homo sapiens"
"C1orf226","A1L170","","chromosome 1 open reading frame 226(C1orf226)","Homo sapiens"
"C1orf43","Q9BWL3","","chromosome 1 open reading frame 43(C1orf43)","Homo sapiens"
"C1orf50","Q9BV19","","chromosome 1 open reading frame 50(C1orf50)","Homo sapiens"
"C2CD2","Q9Y426","","C2 calcium dependent domain containing 2(C2CD2)","Homo sapiens"
"C2CD2L","O14523","","C2CD2 like(C2CD2L)","Homo sapiens"
"C3orf38","Q5JPI3","","chromosome 3 open reading frame 38(C3orf38)","Homo sapiens"
"C6orf132","Q5T0Z8","","chromosome 6 open reading frame 132(C6orf132)","Homo sapiens"
"C6orf141","Q5SZD1","","chromosome 6 open reading frame 141(C6orf141)","Homo sapiens"
"C6orf89","Q6UWU4","","chromosome 6 open reading frame 89(C6orf89)","Homo sapiens"
"C8orf82","Q6P1X6","","chromosome 8 open reading frame 82(C8orf82)","Homo sapiens"
"CA3","P07451","","carbonic anhydrase 3(CA3)","Homo sapiens"
"CA8","P35219","","carbonic anhydrase 8(CA8)","Homo sapiens"
"CA9","Q16790","","carbonic anhydrase 9(CA9)","Homo sapiens"
"CADM1","Q9BY67","","cell adhesion molecule 1(CADM1)","Homo sapiens"
"CADPS","Q9ULU8","","calcium dependent secretion activator(CADPS)","Homo sapiens"
"CADPS2","Q86UW7","","calcium dependent secretion activator 2(CADPS2)","Homo sapiens"
"CALB1","P05937","","calbindin 1(CALB1)","Homo sapiens"
"CAMK2B","Q13554","","calcium/calmodulin dependent protein kinase II beta(CAMK2B)","Homo sapiens"
"CAMK2D","Q13557","","calcium/calmodulin dependent protein kinase II delta(CAMK2D)","Homo sapiens"
"CAMK2G","Q13555","","calcium/calmodulin dependent protein kinase II gamma(CAMK2G)","Homo sapiens"
"CAMLG","P49069","","calcium modulating ligand(CAMLG)","Homo sapiens"
"CAMSAP2","Q08AD1","","calmodulin regulated spectrin associated protein family member 2(CAMSAP2)","Homo sapiens"
"CAMSAP3","Q9P1Y5","","calmodulin regulated spectrin associated protein family member 3(CAMSAP3)","Homo sapiens"
"CAPN13","Q6MZZ7","","calpain 13(CAPN13)","Homo sapiens"
"CAPN5","O15484","","calpain 5(CAPN5)","Homo sapiens"
"CAPNS1","P04632","","calpain small subunit 1(CAPNS1)","Homo sapiens"
"CAPNS2","Q96L46","","calpain small subunit 2(CAPNS2)","Homo sapiens"
"CAPS","Q13938","","calcyphosine(CAPS)","Homo sapiens"
"CARD10","Q9BWT7","","caspase recruitment domain family member 10(CARD10)","Homo sapiens"
"CARD14","Q9BXL6","","caspase recruitment domain family member 14(CARD14)","Homo sapiens"
"CARD16","P29466","","caspase recruitment domain family member 16(CARD16)","Homo sapiens"
"CARD6","Q9BX69","","caspase recruitment domain family member 6(CARD6)","Homo sapiens"
"CARD9","Q9H257","","caspase recruitment domain family member 9(CARD9)","Homo sapiens"
"CARM1","Q86X55","","coactivator associated arginine methyltransferase 1(CARM1)","Homo sapiens"
"CARMIL1","Q5VZK9","","capping protein regulator and myosin 1 linker 1(CARMIL1)","Homo sapiens"
"CASD1","Q96PB1","","CAS1 domain containing 1(CASD1)","Homo sapiens"
"CASKIN2","Q8WXE0","","CASK interacting protein 2(CASKIN2)","Homo sapiens"
"CASP1","P29466","","caspase 1(CASP1)","Homo sapiens"
"CASP6","P55212","","caspase 6(CASP6)","Homo sapiens"
"CAV2","P51636","","caveolin 2(CAV2)","Homo sapiens"
"CBFA2T2","O43439","","CBFA2/RUNX1 partner transcriptional co-repressor 2(CBFA2T2)","Homo sapiens"
"CBFA2T3","O75081","","CBFA2/RUNX1 partner transcriptional co-repressor 3(CBFA2T3)","Homo sapiens"
"CBLC","Q9ULV8","","Cbl proto-oncogene C(CBLC)","Homo sapiens"
"CBR4","Q8N4T8","","carbonyl reductase 4(CBR4)","Homo sapiens"
"CBY2","Q8NA61","","chibby family member 2(CBY2)","Homo sapiens"
"CCDC120","Q96HB5","","coiled-coil domain containing 120(CCDC120)","Homo sapiens"
"CCDC127","Q96BQ5","","coiled-coil domain containing 127(CCDC127)","Homo sapiens"
"CCDC137","Q6PK04","","coiled-coil domain containing 137(CCDC137)","Homo sapiens"
"CCDC30","Q5VVM6","","coiled-coil domain containing 30(CCDC30)","Homo sapiens"
"CCDC50","Q8IVM0","","coiled-coil domain containing 50(CCDC50)","Homo sapiens"
"CCDC51","Q96ER9","","coiled-coil domain containing 51(CCDC51)","Homo sapiens"
"CCDC80","Q76M96","","coiled-coil domain containing 80(CCDC80)","Homo sapiens"
"CCDC9","Q9Y3X0","","coiled-coil domain containing 9(CCDC9)","Homo sapiens"
"CCDC90B","Q9GZT6","","coiled-coil domain containing 90B(CCDC90B)","Homo sapiens"
"CCDC91","Q7Z6B0","","coiled-coil domain containing 91(CCDC91)","Homo sapiens"
"CCM2","Q9BSQ5","","CCM2 scaffold protein(CCM2)","Homo sapiens"
"CCN1","O00622","","cellular communication network factor 1(CCN1)","Homo sapiens"
"CCND2","P30279","","cyclin D2(CCND2)","Homo sapiens"
"CCNE1","P24864","","cyclin E1(CCNE1)","Homo sapiens"
"CCNYL1","Q8N7R7","","cyclin Y like 1(CCNYL1)","Homo sapiens"
"CCPG1","Q9ULG6","","cell cycle progression 1(CCPG1)","Homo sapiens"
"CCS","O14618","","copper chaperone for superoxide dismutase(CCS)","Homo sapiens"
"CD2","P06729","","CD2 molecule(CD2)","Homo sapiens"
"CD276","Q5ZPR3","","CD276 molecule(CD276)","Homo sapiens"
"CD28","P10747","","CD28 molecule(CD28)","Homo sapiens"
"CD4","P01730","","CD4 molecule(CD4)","Homo sapiens"
"CD82","P27701","","CD82 molecule(CD82)","Homo sapiens"
"CD9","P21926","","CD9 molecule(CD9)","Homo sapiens"
"CDC42BPA","Q5VT25","","CDC42 binding protein kinase alpha(CDC42BPA)","Homo sapiens"
"CDC42BPB","Q9Y5S2","","CDC42 binding protein kinase beta(CDC42BPB)","Homo sapiens"
"CDC42EP4","Q9H3Q1","","CDC42 effector protein 4(CDC42EP4)","Homo sapiens"
"CDH2","P19022","","cadherin 2(CDH2)","Homo sapiens"
"CDH3","P22223","","cadherin 3(CDH3)","Homo sapiens"
"CDK8","P49336","","cyclin dependent kinase 8(CDK8)","Homo sapiens"
"CDK9","P50750","","cyclin dependent kinase 9(CDK9)","Homo sapiens"
"CDKN2A","P42771","","cyclin dependent kinase inhibitor 2A(CDKN2A)","Homo sapiens"
"CDKN2AIPNL","Q96HQ2","","CDKN2A interacting protein N-terminal like(CDKN2AIPNL)","Homo sapiens"
"CDS1","Q92903","","CDP-diacylglycerol synthase 1(CDS1)","Homo sapiens"
"CDS2","O95674","","CDP-diacylglycerol synthase 2(CDS2)","Homo sapiens"
"CDYL","Q9Y232","","chromodomain Y like(CDYL)","Homo sapiens"
"CEBPD","P49716","","CCAAT enhancer binding protein delta(CEBPD)","Homo sapiens"
"CELSR1","Q9NYQ6","","cadherin EGF LAG seven-pass G-type receptor 1(CELSR1)","Homo sapiens"
"CEMIP2","Q9UHN6","","cell migration inducing hyaluronidase 2(CEMIP2)","Homo sapiens"
"CENPB","P07199","","centromere protein B(CENPB)","Homo sapiens"
"CEP164","Q9UPV0","","centrosomal protein 164(CEP164)","Homo sapiens"
"CEP170","Q5SW79","","centrosomal protein 170(CEP170)","Homo sapiens"
"CEP170B","Q9Y4F5","","centrosomal protein 170B(CEP170B)","Homo sapiens"
"CEP170P1","Q96L14","","centrosomal protein 170 pseudogene 1(CEP170P1)","Homo sapiens"
"CERS4","Q9HA82","","ceramide synthase 4(CERS4)","Homo sapiens"
"CFDP1","Q9UEE9","","craniofacial development protein 1(CFDP1)","Homo sapiens"
"CFI","P05156","","complement factor I(CFI)","Homo sapiens"
"CFLAR","O15519","","CASP8 and FADD like apoptosis regulator(CFLAR)","Homo sapiens"
"CGN","Q9P2M7","","cingulin(CGN)","Homo sapiens"
"CGNL1","Q0VF96","","cingulin like 1(CGNL1)","Homo sapiens"
"CGREF1","Q99674","","cell growth regulator with EF-hand domain 1(CGREF1)","Homo sapiens"
"CHD7","Q9P2D1","","chromodomain helicase DNA binding protein 7(CHD7)","Homo sapiens"
"CHMP2A","O43633","","charged multivesicular body protein 2A(CHMP2A)","Homo sapiens"
"CHMP4A","Q9BY43","","charged multivesicular body protein 4A(CHMP4A)","Homo sapiens"
"CHMP4C","Q96CF2","","charged multivesicular body protein 4C(CHMP4C)","Homo sapiens"
"CHST14","Q8NCH0","","carbohydrate sulfotransferase 14(CHST14)","Homo sapiens"
"CHTF18","Q8WVB6","","chromosome transmission fidelity factor 18(CHTF18)","Homo sapiens"
"CHTOP","Q9Y3Y2","","chromatin target of PRMT1(CHTOP)","Homo sapiens"
"CHURC1","Q8WUH1","","churchill domain containing 1(CHURC1)","Homo sapiens"
"CILK1","Q9UPZ9","","ciliogenesis associated kinase 1(CILK1)","Homo sapiens"
"CILP2","Q8IUL8","","cartilage intermediate layer protein 2(CILP2)","Homo sapiens"
"CIRBP","Q14011","","cold inducible RNA binding protein(CIRBP)","Homo sapiens"
"CISD1","Q9NZ45","","CDGSH iron sulfur domain 1(CISD1)","Homo sapiens"
"CISD2","Q8N5K1","","CDGSH iron sulfur domain 2(CISD2)","Homo sapiens"
"CKAP4","Q07065","","cytoskeleton associated protein 4(CKAP4)","Homo sapiens"
"CKB","P12277","","creatine kinase B(CKB)","Homo sapiens"
"CKM","P06732","","creatine kinase, M-type(CKM)","Homo sapiens"
"CKMT1A","P12532","","creatine kinase, mitochondrial 1A(CKMT1A)","Homo sapiens"
"CKMT1B","P12532","","creatine kinase, mitochondrial 1B(CKMT1B)","Homo sapiens"
"CKMT2","P17540","","creatine kinase, mitochondrial 2(CKMT2)","Homo sapiens"
"CLCA2","Q9UQC9","","chloride channel accessory 2(CLCA2)","Homo sapiens"
"CLCA4","Q14CN2","","chloride channel accessory 4(CLCA4)","Homo sapiens"
"CLCN2","P51788","","chloride voltage-gated channel 2(CLCN2)","Homo sapiens"
"CLCN4","P51793","","chloride voltage-gated channel 4(CLCN4)","Homo sapiens"
"CLCN5","P51795","","chloride voltage-gated channel 5(CLCN5)","Homo sapiens"
"CLDN1","O95832","","claudin 1(CLDN1)","Homo sapiens"
"CLDN3","O15551","","claudin 3(CLDN3)","Homo sapiens"
"CLIC3","O95833","","chloride intracellular channel 3(CLIC3)","Homo sapiens"
"CLIP1","P30622","","CAP-Gly domain containing linker protein 1(CLIP1)","Homo sapiens"
"CLIP2","Q9UDT6","","CAP-Gly domain containing linker protein 2(CLIP2)","Homo sapiens"
"CLMN","Q96JQ2","","calmin(CLMN)","Homo sapiens"
"CLN3","Q13286","","CLN3 lysosomal/endosomal transmembrane protein, battenin(CLN3)","Homo sapiens"
"CLN6","Q9NWW5","","CLN6 transmembrane ER protein(CLN6)","Homo sapiens"
"CLOCK","O15516","","clock circadian regulator(CLOCK)","Homo sapiens"
"CLPX","O76031","","caseinolytic mitochondrial matrix peptidase chaperone subunit X(CLPX)","Homo sapiens"
"CLUAP1","Q96AJ1","","clusterin associated protein 1(CLUAP1)","Homo sapiens"
"CNKSR1","Q969H4","","connector enhancer of kinase suppressor of Ras 1(CNKSR1)","Homo sapiens"
"CNNM2","Q9H8M5","","cyclin and CBS domain divalent metal cation transport mediator 2(CNNM2)","Homo sapiens"
"CNOT7","Q9UIV1","","CCR4-NOT transcription complex subunit 7(CNOT7)","Homo sapiens"
"CNOT8","Q9UFF9","","CCR4-NOT transcription complex subunit 8(CNOT8)","Homo sapiens"
"CNPY2","Q9Y2B0","","canopy FGF signaling regulator 2(CNPY2)","Homo sapiens"
"CNPY4","Q8N129","","canopy FGF signaling regulator 4(CNPY4)","Homo sapiens"
"CNST","Q6PJW8","","consortin, connexin sorting protein(CNST)","Homo sapiens"
"COA1","Q9GZY4","","cytochrome c oxidase assembly factor 1(COA1)","Homo sapiens"
"COA3","Q9Y2R0","","cytochrome c oxidase assembly factor 3(COA3)","Homo sapiens"
"COBLL1","Q53SF7","","cordon-bleu WH2 repeat protein like 1(COBLL1)","Homo sapiens"
"COIL","P38432","","coilin(COIL)","Homo sapiens"
"COL14A1","Q05707","","collagen type XIV alpha 1 chain(COL14A1)","Homo sapiens"
"COL17A1","Q9UMD9","","collagen type XVII alpha 1 chain(COL17A1)","Homo sapiens"
"COL1A1","P02452","","collagen type I alpha 1 chain(COL1A1)","Homo sapiens"
"COL1A2","P08123","","collagen type I alpha 2 chain(COL1A2)","Homo sapiens"
"COL2A1","P02458","","collagen type II alpha 1 chain(COL2A1)","Homo sapiens"
"COL5A1","P20908","","collagen type V alpha 1 chain(COL5A1)","Homo sapiens"
"COL6A1","P12109","","collagen type VI alpha 1 chain(COL6A1)","Homo sapiens"
"COL6A6","A6NMZ7","","collagen type VI alpha 6 chain(COL6A6)","Homo sapiens"
"COL7A1","Q02388","","collagen type VII alpha 1 chain(COL7A1)","Homo sapiens"
"COMMD5","Q9GZQ3","","COMM domain containing 5(COMMD5)","Homo sapiens"
"COMMD9","Q9P000","","COMM domain containing 9(COMMD9)","Homo sapiens"
"COMP","P49747","","cartilage oligomeric matrix protein(COMP)","Homo sapiens"
"COMT","P21964","","catechol-O-methyltransferase(COMT)","Homo sapiens"
"COPS8","Q99627","","COP9 signalosome subunit 8(COPS8)","Homo sapiens"
"COQ5","Q5HYK3","","coenzyme Q5, methyltransferase(COQ5)","Homo sapiens"
"COQ6","Q9Y2Z9","","coenzyme Q6, monooxygenase(COQ6)","Homo sapiens"
"COQ8A","Q8NI60","","coenzyme Q8A(COQ8A)","Homo sapiens"
"COQ8B","Q96D53","","coenzyme Q8B(COQ8B)","Homo sapiens"
"COQ9","O75208","","coenzyme Q9(COQ9)","Homo sapiens"
"COX15","Q7KZN9","","cytochrome c oxidase assembly homolog COX15(COX15)","Homo sapiens"
"COX18","Q8N8Q8","","cytochrome c oxidase assembly factor COX18(COX18)","Homo sapiens"
"COX20","Q5RI15","","cytochrome c oxidase assembly factor COX20(COX20)","Homo sapiens"
"COX4I1","P13073","","cytochrome c oxidase subunit 4I1(COX4I1)","Homo sapiens"
"COX5A","P20674","","cytochrome c oxidase subunit 5A(COX5A)","Homo sapiens"
"CPB2","Q96IY4","","carboxypeptidase B2(CPB2)","Homo sapiens"
"CPEB2","Q17RY0,Q7Z5Q1","","cytoplasmic polyadenylation element binding protein 2(CPEB2)","Homo sapiens"
"CPEB3","Q17RY0","","cytoplasmic polyadenylation element binding protein 3(CPEB3)","Homo sapiens"
"CPEB4","Q17RY0","","cytoplasmic polyadenylation element binding protein 4(CPEB4)","Homo sapiens"
"CPNE2","Q96FN4","","copine 2(CPNE2)","Homo sapiens"
"CPT1C","Q8TCG5","","carnitine palmitoyltransferase 1C(CPT1C)","Homo sapiens"
"CPT2","P23786","","carnitine palmitoyltransferase 2(CPT2)","Homo sapiens"
"CPVL","Q9H3G5","","carboxypeptidase vitellogenic like(CPVL)","Homo sapiens"
"CRACDL","Q6NV74","","CRACD like(CRACDL)","Homo sapiens"
"CRACR2A","Q9BSW2","","calcium release activated channel regulator 2A(CRACR2A)","Homo sapiens"
"CRACR2B","Q8N4Y2","","calcium release activated channel regulator 2B(CRACR2B)","Homo sapiens"
"CRAT","P43155","","carnitine O-acetyltransferase(CRAT)","Homo sapiens"
"CRIP1","P50238","","cysteine rich protein 1(CRIP1)","Homo sapiens"
"CROCC","Q5TZA2","","ciliary rootlet coiled-coil, rootletin(CROCC)","Homo sapiens"
"CROCCP3","Q8IVE0","","CROCC pseudogene 3(CROCCP3)","Homo sapiens"
"CRYAB","P02511","","crystallin alpha B(CRYAB)","Homo sapiens"
"CRYBG2","Q8N1P7","","crystallin beta-gamma domain containing 2(CRYBG2)","Homo sapiens"
"CRYBG3","Q68DQ2","","crystallin beta-gamma domain containing 3(CRYBG3)","Homo sapiens"
"CRYM","Q14894","","crystallin mu(CRYM)","Homo sapiens"
"CSGALNACT1","Q8TDX6","","chondroitin sulfate N-acetylgalactosaminyltransferase 1(CSGALNACT1)","Homo sapiens"
"CSNK1G2","P78368","","casein kinase 1 gamma 2(CSNK1G2)","Homo sapiens"
"CST3","P01034","","cystatin C(CST3)","Homo sapiens"
"CTAGE1","Q96RT6","","cutaneous T cell lymphoma-associated antigen 1(CTAGE1)","Homo sapiens"
"CTAGE15","Q8IX94,A4D2H0","","CTAGE family member 15(CTAGE15)","Homo sapiens"
"CTAGE4","Q8IX94","","CTAGE family member 4(CTAGE4)","Homo sapiens"
"CTAGE6","Q86UF2","","CTAGE family member 6(CTAGE6)","Homo sapiens"
"CTAGE8","Q8IX94,P0CG41","","CTAGE family member 8(CTAGE8)","Homo sapiens"
"CTAGE9","A4FU28","","CTAGE family member 9(CTAGE9)","Homo sapiens"
"CTBP1","Q13363","","C-terminal binding protein 1(CTBP1)","Homo sapiens"
"CTBP2","P56545","","C-terminal binding protein 2(CTBP2)","Homo sapiens"
"CTCF","P49711","","CCCTC-binding factor(CTCF)","Homo sapiens"
"CTDSPL","O15194","","CTD small phosphatase like(CTDSPL)","Homo sapiens"
"CTIF","O43310","","cap binding complex dependent translation initiation factor(CTIF)","Homo sapiens"
"CTNND2","Q9UQB3","","catenin delta 2(CTNND2)","Homo sapiens"
"CTPS2","Q9NRF8","","CTP synthase 2(CTPS2)","Homo sapiens"
"CTSD","P07339","","cathepsin D(CTSD)","Homo sapiens"
"CTSH","P09668","","cathepsin H(CTSH)","Homo sapiens"
"CTTNBP2NL","Q9P2B4","","CTTNBP2 N-terminal like(CTTNBP2NL)","Homo sapiens"
"CUEDC1","Q9NWM3","","CUE domain containing 1(CUEDC1)","Homo sapiens"
"CUX1","Q13948,P39880","","cut like homeobox 1(CUX1)","Homo sapiens"
"CWF19L1","Q69YN2","","CWF19 like cell cycle control factor 1(CWF19L1)","Homo sapiens"
"CXADR","P78310","","CXADR Ig-like cell adhesion molecule(CXADR)","Homo sapiens"
"CXorf38","Q8TB03","","chromosome X open reading frame 38(CXorf38)","Homo sapiens"
"CYBC1","Q9BQA9","","cytochrome b-245 chaperone 1(CYBC1)","Homo sapiens"
"CYP1A1","P04798","","cytochrome P450 family 1 subfamily A member 1(CYP1A1)","Homo sapiens"
"CYP1B1","Q16678","","cytochrome P450 family 1 subfamily B member 1(CYP1B1)","Homo sapiens"
"CYP20A1","Q6UW02","","cytochrome P450 family 20 subfamily A member 1(CYP20A1)","Homo sapiens"
"CYP27A1","Q02318","","cytochrome P450 family 27 subfamily A member 1(CYP27A1)","Homo sapiens"
"CYP2J2","P51589","","cytochrome P450 family 2 subfamily J member 2(CYP2J2)","Homo sapiens"
"CYP2S1","Q96SQ9","","cytochrome P450 family 2 subfamily S member 1(CYP2S1)","Homo sapiens"
"CYP51A1","Q16850","","cytochrome P450 family 51 subfamily A member 1(CYP51A1)","Homo sapiens"
"CYP7B1","O75881","","cytochrome P450 family 7 subfamily B member 1(CYP7B1)","Homo sapiens"
"CYTH2","Q99418","","cytohesin 2(CYTH2)","Homo sapiens"
"DAAM1","Q9Y4D1","","dishevelled associated activator of morphogenesis 1(DAAM1)","Homo sapiens"
"DAAM2","Q86T65","","dishevelled associated activator of morphogenesis 2(DAAM2)","Homo sapiens"
"DAP3","P51398","","death associated protein 3(DAP3)","Homo sapiens"
"DAPP1","Q9UN19","","dual adaptor of phosphotyrosine and 3-phosphoinositides 1(DAPP1)","Homo sapiens"
"DARS2","Q6PI48","","aspartyl-tRNA synthetase 2, mitochondrial(DARS2)","Homo sapiens"
"DAZAP1","Q96EP5","","DAZ associated protein 1(DAZAP1)","Homo sapiens"
"DCAF7","P61962","","DDB1 and CUL4 associated factor 7(DCAF7)","Homo sapiens"
"DCAKD","Q8WVC6","","dephospho-CoA kinase domain containing(DCAKD)","Homo sapiens"
"DCTPP1","Q9H773","","dCTP pyrophosphatase 1(DCTPP1)","Homo sapiens"
"DCUN1D1","Q96GG9","","defective in cullin neddylation 1 domain containing 1(DCUN1D1)","Homo sapiens"
"DDAH1","O94760","","dimethylarginine dimethylaminohydrolase 1(DDAH1)","Homo sapiens"
"DDI2","Q5TDH0","","DNA damage inducible 1 homolog 2(DDI2)","Homo sapiens"
"DDR1","Q08345","","discoidin domain receptor tyrosine kinase 1(DDR1)","Homo sapiens"
"DDX20","Q9UHI6","","DEAD-box helicase 20(DDX20)","Homo sapiens"
"DDX28","Q9NUL7","","DEAD-box helicase 28(DDX28)","Homo sapiens"
"DDX51","Q8N8A6","","DEAD-box helicase 51(DDX51)","Homo sapiens"
"DDX54","Q8TDD1","","DEAD-box helicase 54(DDX54)","Homo sapiens"
"DDX55","Q8NHQ9","","DEAD-box helicase 55(DDX55)","Homo sapiens"
"DDX59","Q5T1V6","","DEAD-box helicase 59(DDX59)","Homo sapiens"
"DDX60","Q8IY21","","DExD/H-box helicase 60(DDX60)","Homo sapiens"
"DECR1","Q16698","","2,4-dienoyl-CoA reductase 1(DECR1)","Homo sapiens"
"DECR2","Q9NUI1","","2,4-dienoyl-CoA reductase 2(DECR2)","Homo sapiens"
"DENND11","A4D1U4","","DENN domain containing 11(DENND11)","Homo sapiens"
"DENND2D","Q9H6A0","","DENN domain containing 2D(DENND2D)","Homo sapiens"
"DENR","O43583","","density regulated re-initiation and release factor(DENR)","Homo sapiens"
"DEPDC5","O75140","","DEP domain containing 5, GATOR1 subcomplex subunit(DEPDC5)","Homo sapiens"
"DGAT1","O75907","","diacylglycerol O-acyltransferase 1(DGAT1)","Homo sapiens"
"DGKE","P52429","","diacylglycerol kinase epsilon(DGKE)","Homo sapiens"
"DGKQ","P52824","","diacylglycerol kinase theta(DGKQ)","Homo sapiens"
"DGLUCY","Q7Z3D6","","D-glutamate cyclase(DGLUCY)","Homo sapiens"
"DHODH","Q02127","","dihydroorotate dehydrogenase (quinone)(DHODH)","Homo sapiens"
"DHRS13","Q6UX07","","dehydrogenase/reductase 13(DHRS13)","Homo sapiens"
"DHRS3","O75911","","dehydrogenase/reductase 3(DHRS3)","Homo sapiens"
"DHX58","Q96C10","","DExH-box helicase 58(DHX58)","Homo sapiens"
"DIP2A","Q14689","","disco interacting protein 2 homolog A(DIP2A)","Homo sapiens"
"DIP2C","Q9Y2E4","","disco interacting protein 2 homolog C(DIP2C)","Homo sapiens"
"DIPK2A","Q8NDZ4","","divergent protein kinase domain 2A(DIPK2A)","Homo sapiens"
"DIS3L","Q8TF46","","DIS3 like exosome 3'-5' exoribonuclease(DIS3L)","Homo sapiens"
"DKC1","O60832","","dyskerin pseudouridine synthase 1(DKC1)","Homo sapiens"
"DLD","P09622","","dihydrolipoamide dehydrogenase(DLD)","Homo sapiens"
"DLG3","Q92796","","discs large MAGUK scaffold protein 3(DLG3)","Homo sapiens"
"DLGAP1","O14490","","DLG associated protein 1(DLGAP1)","Homo sapiens"
"DLX6","P56179","","distal-less homeobox 6(DLX6)","Homo sapiens"
"DMBX1","Q8NFW5","","diencephalon/mesencephalon homeobox 1(DMBX1)","Homo sapiens"
"DMD","P11532","","dystrophin(DMD)","Homo sapiens"
"DMWD","Q09019","","DM1 locus, WD repeat containing(DMWD)","Homo sapiens"
"DMXL1","Q9Y485","","Dmx like 1(DMXL1)","Homo sapiens"
"DMXL2","Q8TDJ6","","Dmx like 2(DMXL2)","Homo sapiens"
"DNAJA4","Q8WW22","","DnaJ heat shock protein family (Hsp40) member A4(DNAJA4)","Homo sapiens"
"DNAJB14","Q8TBM8","","DnaJ heat shock protein family (Hsp40) member B14(DNAJB14)","Homo sapiens"
"DNAJB2","P25686","","DnaJ heat shock protein family (Hsp40) member B2(DNAJB2)","Homo sapiens"
"DNAJC13","O75165","","DnaJ heat shock protein family (Hsp40) member C13(DNAJC13)","Homo sapiens"
"DNAJC16","Q9Y2G8","","DnaJ heat shock protein family (Hsp40) member C16(DNAJC16)","Homo sapiens"
"DNAJC19","Q96DA6","","DnaJ heat shock protein family (Hsp40) member C19(DNAJC19)","Homo sapiens"
"DNAJC25","Q9H1X3","","DnaJ heat shock protein family (Hsp40) member C25(DNAJC25)","Homo sapiens"
"DNAJC3","Q13217","","DnaJ heat shock protein family (Hsp40) member C3(DNAJC3)","Homo sapiens"
"DNAJC5","Q9H3Z4","","DnaJ heat shock protein family (Hsp40) member C5(DNAJC5)","Homo sapiens"
"DNAJC8","O75937","","DnaJ heat shock protein family (Hsp40) member C8(DNAJC8)","Homo sapiens"
"DNM1","Q05193","","dynamin 1(DNM1)","Homo sapiens"
"DNM3","Q9UQ16","","dynamin 3(DNM3)","Homo sapiens"
"DNMT3A","Q9Y6K1","","DNA methyltransferase 3 alpha(DNMT3A)","Homo sapiens"
"DOCK5","Q9H7D0","","dedicator of cytokinesis 5(DOCK5)","Homo sapiens"
"DOCK6","Q96HP0","","dedicator of cytokinesis 6(DOCK6)","Homo sapiens"
"DOCK7","Q96N67","","dedicator of cytokinesis 7(DOCK7)","Homo sapiens"
"DOCK8","Q8NF50","","dedicator of cytokinesis 8(DOCK8)","Homo sapiens"
"DOLK","Q9UPQ8","","dolichol kinase(DOLK)","Homo sapiens"
"DOLPP1","Q86YN1","","dolichyldiphosphatase 1(DOLPP1)","Homo sapiens"
"DPAGT1","Q9H3H5","","dolichyl-phosphate N-acetylglucosaminephosphotransferase 1(DPAGT1)","Homo sapiens"
"DPP7","Q9UHL4","","dipeptidyl peptidase 7(DPP7)","Homo sapiens"
"DPP9","Q86TI2","","dipeptidyl peptidase 9(DPP9)","Homo sapiens"
"DPY19L1","Q2PZI1","","dpy-19 like C-mannosyltransferase 1(DPY19L1)","Homo sapiens"
"DPY19L3","Q6ZPD9","","dpy-19 like C-mannosyltransferase 3(DPY19L3)","Homo sapiens"
"DRAP1","Q14919","","DR1 associated protein 1(DRAP1)","Homo sapiens"
"DSC2","Q02487","","desmocollin 2(DSC2)","Homo sapiens"
"DSG3","P32926","","desmoglein 3(DSG3)","Homo sapiens"
"DSG4","Q86SJ6","","desmoglein 4(DSG4)","Homo sapiens"
"DST","Q03001","","dystonin(DST)","Homo sapiens"
"DTNB","O60941","","dystrobrevin beta(DTNB)","Homo sapiens"
"DTX4","Q9Y2E6","","deltex E3 ubiquitin ligase 4(DTX4)","Homo sapiens"
"DYNC1I1","O14576","","dynein cytoplasmic 1 intermediate chain 1(DYNC1I1)","Homo sapiens"
"DYNC2H1","Q8NCM8","","dynein cytoplasmic 2 heavy chain 1(DYNC2H1)","Homo sapiens"
"DYRK1A","Q13627","","dual specificity tyrosine phosphorylation regulated kinase 1A(DYRK1A)","Homo sapiens"
"DYRK1B","Q9Y463","","dual specificity tyrosine phosphorylation regulated kinase 1B(DYRK1B)","Homo sapiens"
"DYSF","O75923","","dysferlin(DYSF)","Homo sapiens"
"EARS2","Q5JPH6","","glutamyl-tRNA synthetase 2, mitochondrial(EARS2)","Homo sapiens"
"EBAG9","O00559","","estrogen receptor binding site associated antigen 9(EBAG9)","Homo sapiens"
"ECHDC3","Q96DC8","","enoyl-CoA hydratase domain containing 3(ECHDC3)","Homo sapiens"
"ECSIT","Q9BQ95","","ECSIT signaling integrator(ECSIT)","Homo sapiens"
"EEF2K","O00418","","eukaryotic elongation factor 2 kinase(EEF2K)","Homo sapiens"
"EEIG1","Q5T9C2","","estrogen-induced osteoclastogenesis regulator 1(EEIG1)","Homo sapiens"
"EEPD1","Q7L9B9","","endonuclease/exonuclease/phosphatase family domain containing 1(EEPD1)","Homo sapiens"
"EFCC1","Q9HA90","","EF-hand and coiled-coil domain containing 1(EFCC1)","Homo sapiens"
"EFEMP2","O95967","","EGF containing fibulin extracellular matrix protein 2(EFEMP2)","Homo sapiens"
"EFNB1","P98172","","ephrin B1(EFNB1)","Homo sapiens"
"EGR1","P18146","","early growth response 1(EGR1)","Homo sapiens"
"EHBP1","Q8NDI1","","EH domain binding protein 1(EHBP1)","Homo sapiens"
"EHBP1L1","Q8N3D4","","EH domain binding protein 1 like 1(EHBP1L1)","Homo sapiens"
"EHD2","Q9NZN4","","EH domain containing 2(EHD2)","Homo sapiens"
"EHMT2","Q96KQ7","","euchromatic histone lysine methyltransferase 2(EHMT2)","Homo sapiens"
"EIF2AK3","Q9NZJ5","","eukaryotic translation initiation factor 2 alpha kinase 3(EIF2AK3)","Homo sapiens"
"EIF2B2","P49770","","eukaryotic translation initiation factor 2B subunit beta(EIF2B2)","Homo sapiens"
"EIF3C","Q99613","","eukaryotic translation initiation factor 3 subunit C(EIF3C)","Homo sapiens"
"EIF6","P56537","","eukaryotic translation initiation factor 6(EIF6)","Homo sapiens"
"ELL","P55199","","elongation factor for RNA polymerase II(ELL)","Homo sapiens"
"ELMO2","Q96JJ3","","engulfment and cell motility 2(ELMO2)","Homo sapiens"
"ELMO3","Q96BJ8","","engulfment and cell motility 3(ELMO3)","Homo sapiens"
"ELOVL1","Q9BW60","","ELOVL fatty acid elongase 1(ELOVL1)","Homo sapiens"
"ELP1","O95163","","elongator acetyltransferase complex subunit 1(ELP1)","Homo sapiens"
"ELP4","Q96EB1","","elongator acetyltransferase complex subunit 4(ELP4)","Homo sapiens"
"EMC3","Q9P0I2","","ER membrane protein complex subunit 3(EMC3)","Homo sapiens"
"EMG1","Q92979","","EMG1 N1-specific pseudouridine methyltransferase(EMG1)","Homo sapiens"
"EML2","O95834","","EMAP like 2(EML2)","Homo sapiens"
"EML3","Q32P44","","EMAP like 3(EML3)","Homo sapiens"
"ENAH","Q8N8S7","","ENAH actin regulator(ENAH)","Homo sapiens"
"ENDOD1","O94919","","endonuclease domain containing 1(ENDOD1)","Homo sapiens"
"ENTPD4","Q9Y227","","ectonucleoside triphosphate diphosphohydrolase 4(ENTPD4)","Homo sapiens"
"ENTPD5","O75356","","ectonucleoside triphosphate diphosphohydrolase 5 (inactive)(ENTPD5)","Homo sapiens"
"ENTPD6","O75354","","ectonucleoside triphosphate diphosphohydrolase 6(ENTPD6)","Homo sapiens"
"EOGT","Q5NDL2","","EGF domain specific O-linked N-acetylglucosamine transferase(EOGT)","Homo sapiens"
"EP300","Q09472","","E1A binding protein p300(EP300)","Homo sapiens"
"EP400","Q96L91","","E1A binding protein p400(EP400)","Homo sapiens"
"EPB41L3","Q9Y2J2","","erythrocyte membrane protein band 4.1 like 3(EPB41L3)","Homo sapiens"
"EPB41L4A","Q9HCS5","","erythrocyte membrane protein band 4.1 like 4A(EPB41L4A)","Homo sapiens"
"EPB41L4B","Q9H329","","erythrocyte membrane protein band 4.1 like 4B(EPB41L4B)","Homo sapiens"
"EPG5","Q9HCE0","","ectopic P-granules 5 autophagy tethering factor(EPG5)","Homo sapiens"
"EPHA1","P21709","","EPH receptor A1(EPHA1)","Homo sapiens"
"EPHA3","P29320","","EPH receptor A3(EPHA3)","Homo sapiens"
"EPHB2","P29323","","EPH receptor B2(EPHB2)","Homo sapiens"
"EPHB3","P54753","","EPH receptor B3(EPHB3)","Homo sapiens"
"EPHX1","P07099","","epoxide hydrolase 1(EPHX1)","Homo sapiens"
"EPM2AIP1","Q7L775","","EPM2A interacting protein 1(EPM2AIP1)","Homo sapiens"
"EPN1","Q9Y6I3","","epsin 1(EPN1)","Homo sapiens"
"EPN3","Q9H201","","epsin 3(EPN3)","Homo sapiens"
"EPS8L2","Q9H6S3","","EPS8 signaling adaptor L2(EPS8L2)","Homo sapiens"
"ERAL1","O75616","","Era like 12S mitochondrial rRNA chaperone 1(ERAL1)","Homo sapiens"
"ERBB2","P04626","","erb-b2 receptor tyrosine kinase 2(ERBB2)","Homo sapiens"
"ERBB3","P21860","","erb-b2 receptor tyrosine kinase 3(ERBB3)","Homo sapiens"
"ERBB4","Q15303","","erb-b2 receptor tyrosine kinase 4(ERBB4)","Homo sapiens"
"ERCC6","Q03468,P0DP91","","ERCC excision repair 6, chromatin remodeling factor(ERCC6)","Homo sapiens"
"ERLIN1","O75477","","ER lipid raft associated 1(ERLIN1)","Homo sapiens"
"ERLIN2","O94905","","ER lipid raft associated 2(ERLIN2)","Homo sapiens"
"ERN2","Q76MJ5","","endoplasmic reticulum to nucleus signaling 2(ERN2)","Homo sapiens"
"ERO1A","Q96HE7","","endoplasmic reticulum oxidoreductase 1 alpha(ERO1A)","Homo sapiens"
"ESYT2","A0FGR8","","extended synaptotagmin 2(ESYT2)","Homo sapiens"
"ETFDH","Q16134","","electron transfer flavoprotein dehydrogenase(ETFDH)","Homo sapiens"
"ETHE1","O95571","","ETHE1 persulfide dioxygenase(ETHE1)","Homo sapiens"
"EVI5","O60447","","ecotropic viral integration site 5(EVI5)","Homo sapiens"
"EXOG","Q9Y2C4","","exo/endonuclease G(EXOG)","Homo sapiens"
"EXOSC4","Q9NPD3","","exosome component 4(EXOSC4)","Homo sapiens"
"EXOSC7","Q15024","","exosome component 7(EXOSC7)","Homo sapiens"
"EXPH5","Q8NEV8","","exophilin 5(EXPH5)","Homo sapiens"
"EXTL3","O43909","","exostosin like glycosyltransferase 3(EXTL3)","Homo sapiens"
"EYA2","O00167","","EYA transcriptional coactivator and phosphatase 2(EYA2)","Homo sapiens"
"EZH2","Q15910","","enhancer of zeste 2 polycomb repressive complex 2 subunit(EZH2)","Homo sapiens"
"F11R","Q9Y624","","F11 receptor(F11R)","Homo sapiens"
"FAAH2","Q6GMR7","","fatty acid amide hydrolase 2(FAAH2)","Homo sapiens"
"FAM114A1","Q8IWE2","","family with sequence similarity 114 member A1(FAM114A1)","Homo sapiens"
"FAM114A2","Q9NRY5","","family with sequence similarity 114 member A2(FAM114A2)","Homo sapiens"
"FAM136A","Q96C01","","family with sequence similarity 136 member A(FAM136A)","Homo sapiens"
"FAM162A","Q96A26","","family with sequence similarity 162 member A(FAM162A)","Homo sapiens"
"FAM177A1","Q8N128","","family with sequence similarity 177 member A1(FAM177A1)","Homo sapiens"
"FAM184B","Q9ULE4","","family with sequence similarity 184 member B(FAM184B)","Homo sapiens"
"FAM234A","Q9H0X4","","family with sequence similarity 234 member A(FAM234A)","Homo sapiens"
"FAM3B","P58499","","FAM3 metabolism regulating signaling molecule B(FAM3B)","Homo sapiens"
"FAM83A","Q86UY5","","family with sequence similarity 83 member A(FAM83A)","Homo sapiens"
"FAM83E","Q2M2I3","","family with sequence similarity 83 member E(FAM83E)","Homo sapiens"
"FAM83F","Q8NEG4","","family with sequence similarity 83 member F(FAM83F)","Homo sapiens"
"FAM8A1","Q9UBU6","","family with sequence similarity 8 member A1(FAM8A1)","Homo sapiens"
"FAM91A1","Q658Y4","","family with sequence similarity 91 member A1(FAM91A1)","Homo sapiens"
"FAM98C","Q17RN3","","family with sequence similarity 98 member C(FAM98C)","Homo sapiens"
"FAP","Q12884","","fibroblast activation protein alpha(FAP)","Homo sapiens"
"FARS2","O95363","","phenylalanyl-tRNA synthetase 2, mitochondrial(FARS2)","Homo sapiens"
"FAS","P25445","","Fas cell surface death receptor(FAS)","Homo sapiens"
"FASN","P49327","","fatty acid synthase(FASN)","Homo sapiens"
"FAT4","Q6V0I7","","FAT atypical cadherin 4(FAT4)","Homo sapiens"
"FBL","P22087","","fibrillarin(FBL)","Homo sapiens"
"FBLIM1","Q8WUP2","","filamin binding LIM protein 1(FBLIM1)","Homo sapiens"
"FBLL1","A6NHQ2","","fibrillarin like 1(FBLL1)","Homo sapiens"
"FBLN2","P98095","","fibulin 2(FBLN2)","Homo sapiens"
"FBLN5","Q9UBX5","","fibulin 5(FBLN5)","Homo sapiens"
"FBN1","P35555","","fibrillin 1(FBN1)","Homo sapiens"
"FBXL8","Q96CD0","","F-box and leucine rich repeat protein 8(FBXL8)","Homo sapiens"
"FBXO28","Q9NVF7","","F-box protein 28(FBXO28)","Homo sapiens"
"FBXO7","Q9Y3I1","","F-box protein 7(FBXO7)","Homo sapiens"
"FBXO9","Q9UK97","","F-box protein 9(FBXO9)","Homo sapiens"
"FCSK","Q8N0W3","","fucose kinase(FCSK)","Homo sapiens"
"FDXR","P22570","","ferredoxin reductase(FDXR)","Homo sapiens"
"FEM1B","Q9UK73","","fem-1 homolog B(FEM1B)","Homo sapiens"
"FGD3","Q5JSP0","","FYVE, RhoGEF and PH domain containing 3(FGD3)","Homo sapiens"
"FGG","P02679","","fibrinogen gamma chain(FGG)","Homo sapiens"
"FHIP1B","Q8N612","","FHF complex subunit HOOK interacting protein 1B(FHIP1B)","Homo sapiens"
"FHL1","Q13642","","four and a half LIM domains 1(FHL1)","Homo sapiens"
"FIBP","O43427","","FGF1 intracellular binding protein(FIBP)","Homo sapiens"
"FKBP10","Q96AY3","","FKBP prolyl isomerase 10(FKBP10)","Homo sapiens"
"FKBP2","P26885","","FKBP prolyl isomerase 2(FKBP2)","Homo sapiens"
"FKBP4","Q02790","","FKBP prolyl isomerase 4(FKBP4)","Homo sapiens"
"FKBP9","O95302","","FKBP prolyl isomerase 9(FKBP9)","Homo sapiens"
"FLG2","Q5D862","","filaggrin 2(FLG2)","Homo sapiens"
"FLNB","O75369","","filamin B(FLNB)","Homo sapiens"
"FLNC","Q14315","","filamin C(FLNC)","Homo sapiens"
"FLVCR1","Q9Y5Y0","","FLVCR choline and heme transporter 1(FLVCR1)","Homo sapiens"
"FMNL2","Q96PY5","","formin like 2(FMNL2)","Homo sapiens"
"FMNL3","Q8IVF7","","formin like 3(FMNL3)","Homo sapiens"
"FMO5","P49326","","flavin containing dimethylaniline monoxygenase 5(FMO5)","Homo sapiens"
"FMOD","Q06828","","fibromodulin(FMOD)","Homo sapiens"
"FN3K","Q9H479","","fructosamine 3 kinase(FN3K)","Homo sapiens"
"FNBP1L","Q5T0N5","","formin binding protein 1 like(FNBP1L)","Homo sapiens"
"FNBP4","Q8N3X1","","formin binding protein 4(FNBP4)","Homo sapiens"
"FNDC3B","Q53EP0","","fibronectin type III domain containing 3B(FNDC3B)","Homo sapiens"
"FOXC2","Q99958","","forkhead box C2(FOXC2)","Homo sapiens"
"FOXD2","O60548","","forkhead box D2(FOXD2)","Homo sapiens"
"FOXE1","O00358","","forkhead box E1(FOXE1)","Homo sapiens"
"FOXF2","Q12947","","forkhead box F2(FOXF2)","Homo sapiens"
"FOXK1","P85037","","forkhead box K1(FOXK1)","Homo sapiens"
"FOXP3","Q9BZS1","","forkhead box P3(FOXP3)","Homo sapiens"
"FOXQ1","Q9C009","","forkhead box Q1(FOXQ1)","Homo sapiens"
"FRK","P42685","","fyn related Src family tyrosine kinase(FRK)","Homo sapiens"
"FRMD4A","Q9P2Q2","","FERM domain containing 4A(FRMD4A)","Homo sapiens"
"FRMD8","Q9BZ67","","FERM domain containing 8(FRMD8)","Homo sapiens"
"FRS2","Q8WU20","","fibroblast growth factor receptor substrate 2(FRS2)","Homo sapiens"
"FUBP1","Q96AE4","","far upstream element binding protein 1(FUBP1)","Homo sapiens"
"FUCA1","P04066","","alpha-L-fucosidase 1(FUCA1)","Homo sapiens"
"FUCA2","Q9BTY2","","alpha-L-fucosidase 2(FUCA2)","Homo sapiens"
"FUNDC2","Q9BWH2","","FUN14 domain containing 2(FUNDC2)","Homo sapiens"
"FUT3","P21217","","fucosyltransferase 3 (Lewis blood group)(FUT3)","Homo sapiens"
"FUT5","Q11128","","fucosyltransferase 5(FUT5)","Homo sapiens"
"FUT6","P51993","","fucosyltransferase 6(FUT6)","Homo sapiens"
"FUT8","Q9BYC5","","fucosyltransferase 8(FUT8)","Homo sapiens"
"G6PD","P11413","","glucose-6-phosphate dehydrogenase(G6PD)","Homo sapiens"
"GAA","P10253","","alpha glucosidase(GAA)","Homo sapiens"
"GABRP","O00591","","gamma-aminobutyric acid type A receptor subunit pi(GABRP)","Homo sapiens"
"GAL3ST2","Q9H3Q3","","galactose-3-O-sulfotransferase 2(GAL3ST2)","Homo sapiens"
"GALM","Q96C23","","galactose mutarotase(GALM)","Homo sapiens"
"GALNT1","Q10472","","polypeptide N-acetylgalactosaminyltransferase 1(GALNT1)","Homo sapiens"
"GALNT10","Q86SR1","","polypeptide N-acetylgalactosaminyltransferase 10(GALNT10)","Homo sapiens"
"GALNT11","Q8NCW6","","polypeptide N-acetylgalactosaminyltransferase 11(GALNT11)","Homo sapiens"
"GALNT12","Q8IXK2","","polypeptide N-acetylgalactosaminyltransferase 12(GALNT12)","Homo sapiens"
"GALNT13","Q8IUC8","","polypeptide N-acetylgalactosaminyltransferase 13(GALNT13)","Homo sapiens"
"GALNT17","Q6IS24","","polypeptide N-acetylgalactosaminyltransferase 17(GALNT17)","Homo sapiens"
"GALNT3","Q14435","","polypeptide N-acetylgalactosaminyltransferase 3(GALNT3)","Homo sapiens"
"GALNT4","Q8N4A0","","polypeptide N-acetylgalactosaminyltransferase 4(GALNT4)","Homo sapiens"
"GALNT5","Q7Z7M9","","polypeptide N-acetylgalactosaminyltransferase 5(GALNT5)","Homo sapiens"
"GALNT7","Q86SF2","","polypeptide N-acetylgalactosaminyltransferase 7(GALNT7)","Homo sapiens"
"GARS1","P41250","","glycyl-tRNA synthetase 1(GARS1)","Homo sapiens"
"GASK1B","Q6UWH4","","golgi associated kinase 1B(GASK1B)","Homo sapiens"
"GATD3","P0DPI2","","glutamine amidotransferase class 1 domain containing 3(GATD3)","Homo sapiens"
"GATM","P50440","","glycine amidinotransferase(GATM)","Homo sapiens"
"GBA2","Q9HCG7","","glucosylceramidase beta 2(GBA2)","Homo sapiens"
"GCHFR","P30047","","GTP cyclohydrolase I feedback regulator(GCHFR)","Homo sapiens"
"GCNT1","Q02742","","glucosaminyl (N-acetyl) transferase 1(GCNT1)","Homo sapiens"
"GDAP1","Q8TB36","","ganglioside induced differentiation associated protein 1(GDAP1)","Homo sapiens"
"GDAP2","Q9NXN4","","ganglioside induced differentiation associated protein 2(GDAP2)","Homo sapiens"
"GDE1","Q9NZC3","","glycerophosphodiester phosphodiesterase 1(GDE1)","Homo sapiens"
"GDPD3","Q7L5L3","","glycerophosphodiester phosphodiesterase domain containing 3(GDPD3)","Homo sapiens"
"GDPGP1","Q6ZNW5","","GDP-D-glucose phosphorylase 1(GDPGP1)","Homo sapiens"
"GEMIN4","P57678","","gem nuclear organelle associated protein 4(GEMIN4)","Homo sapiens"
"GEMIN8","Q9NWZ8","","gem nuclear organelle associated protein 8(GEMIN8)","Homo sapiens"
"GEN1","Q17RS7","","GEN1 Holliday junction 5' flap endonuclease(GEN1)","Homo sapiens"
"GET1","O00258","","guided entry of tail-anchored proteins factor 1(GET1)","Homo sapiens"
"GFAP","P14136","","glial fibrillary acidic protein(GFAP)","Homo sapiens"
"GFM2","Q969S9","","GTP dependent ribosome recycling factor mitochondrial 2(GFM2)","Homo sapiens"
"GGA2","Q9UJY4","","golgi associated, gamma adaptin ear containing, ARF binding protein 2(GGA2)","Homo sapiens"
"GGA3","Q9NZ52","","golgi associated, gamma adaptin ear containing, ARF binding protein 3(GGA3)","Homo sapiens"
"GGT6","Q6P531","","gamma-glutamyltransferase 6(GGT6)","Homo sapiens"
"GHDC","Q8N2G8","","GH3 domain containing(GHDC)","Homo sapiens"
"GHITM","Q9H3K2","","growth hormone inducible transmembrane protein(GHITM)","Homo sapiens"
"GIMAP5","Q96F15","","GTPase, IMAP family member 5(GIMAP5)","Homo sapiens"
"GIT2","Q14161","","GIT ArfGAP 2(GIT2)","Homo sapiens"
"GJA1","P17302","","gap junction protein alpha 1(GJA1)","Homo sapiens"
"GJA5","P36382","","gap junction protein alpha 5(GJA5)","Homo sapiens"
"GJB2","P29033","","gap junction protein beta 2(GJB2)","Homo sapiens"
"GJC1","P36383","","gap junction protein gamma 1(GJC1)","Homo sapiens"
"GK","P32189","","glycerol kinase(GK)","Homo sapiens"
"GK3","Q14409","","glycerol kinase 3(GK3)","Homo sapiens"
"GLB1L2","Q8IW92","","galactosidase beta 1 like 2(GLB1L2)","Homo sapiens"
"GLIS3","Q8NEA6","","GLIS family zinc finger 3(GLIS3)","Homo sapiens"
"GMIP","Q9P107","","GEM interacting protein(GMIP)","Homo sapiens"
"GMPPA","Q96IJ6","","GDP-mannose pyrophosphorylase A(GMPPA)","Homo sapiens"
"GNA11","P29992","","G protein subunit alpha 11(GNA11)","Homo sapiens"
"GNA14","O95837","","G protein subunit alpha 14(GNA14)","Homo sapiens"
"GNAI1","P63096","","G protein subunit alpha i1(GNAI1)","Homo sapiens"
"GNAQ","P50148","","G protein subunit alpha q(GNAQ)","Homo sapiens"
"GNB2","P62879","","G protein subunit beta 2(GNB2)","Homo sapiens"
"GNG12","Q9UBI6","","G protein subunit gamma 12(GNG12)","Homo sapiens"
"GNPTAB","Q3T906","","N-acetylglucosamine-1-phosphate transferase subunits alpha and beta(GNPTAB)","Homo sapiens"
"GNPTG","Q9UJJ9","","N-acetylglucosamine-1-phosphate transferase subunit gamma(GNPTG)","Homo sapiens"
"GNS","P15586","","glucosamine (N-acetyl)-6-sulfatase(GNS)","Homo sapiens"
"GOLGA7","Q7Z5G4","","golgin A7(GOLGA7)","Homo sapiens"
"GOLM1","Q8NBJ4","","golgi membrane protein 1(GOLM1)","Homo sapiens"
"GOLT1B","Q9Y3E0","","golgi transport 1B(GOLT1B)","Homo sapiens"
"GORASP1","Q9BQQ3","","golgi reassembly stacking protein 1(GORASP1)","Homo sapiens"
"GOT1","P17174","","glutamic-oxaloacetic transaminase 1(GOT1)","Homo sapiens"
"GPAM","Q9HCL2","","glycerol-3-phosphate acyltransferase, mitochondrial(GPAM)","Homo sapiens"
"GPAT4","Q86UL3","","glycerol-3-phosphate acyltransferase 4(GPAT4)","Homo sapiens"
"GPATCH4","Q5T3I0","","G-patch domain containing 4 (gene/pseudogene)(GPATCH4)","Homo sapiens"
"GPR180","Q86V85","","G protein-coupled receptor 180(GPR180)","Homo sapiens"
"GPR21","Q9Y3P9","","G protein-coupled receptor 21(GPR21)","Homo sapiens"
"GPRC5C","Q9NQ84","","G protein-coupled receptor class C group 5 member C(GPRC5C)","Homo sapiens"
"GPS2","Q13227","","G protein pathway suppressor 2(GPS2)","Homo sapiens"
"GPX3","P22352","","glutathione peroxidase 3(GPX3)","Homo sapiens"
"GRAMD1A","Q96CP6","","GRAM domain containing 1A(GRAMD1A)","Homo sapiens"
"GRAMD2B","Q96HH9","","GRAM domain containing 2B(GRAMD2B)","Homo sapiens"
"GRHL1","Q9NZI5","","grainyhead like transcription factor 1(GRHL1)","Homo sapiens"
"GRHL2","Q6ISB3","","grainyhead like transcription factor 2(GRHL2)","Homo sapiens"
"GRIP1","Q9Y3R0","","glutamate receptor interacting protein 1(GRIP1)","Homo sapiens"
"GRTP1","Q5TC63","","growth hormone regulated TBC protein 1(GRTP1)","Homo sapiens"
"GSDMC","Q9BYG8","","gasdermin C(GSDMC)","Homo sapiens"
"GSS","P48637","","glutathione synthetase(GSS)","Homo sapiens"
"GTF2H3","Q13889","","general transcription factor IIH subunit 3(GTF2H3)","Homo sapiens"
"GTF2I","P78347","","general transcription factor IIi(GTF2I)","Homo sapiens"
"GTF2IP4","P78347","","general transcription factor IIi pseudogene 4(GTF2IP4)","Homo sapiens"
"GTF3C2","Q8WUA4","","general transcription factor IIIC subunit 2(GTF3C2)","Homo sapiens"
"GTPBP10","A4D1E9","","GTP binding protein 10(GTPBP10)","Homo sapiens"
"GTPBP2","Q9BX10","","GTP binding protein 2(GTPBP2)","Homo sapiens"
"GTPBP4","Q9BZE4","","GTP binding protein 4(GTPBP4)","Homo sapiens"
"GUCY1A1","Q02108","","guanylate cyclase 1 soluble subunit alpha 1(GUCY1A1)","Homo sapiens"
"GUF1","Q8N442","","GTP binding elongation factor GUF1(GUF1)","Homo sapiens"
"GUSB","P08236","","glucuronidase beta(GUSB)","Homo sapiens"
"GXYLT1","Q4G148","","glucoside xylosyltransferase 1(GXYLT1)","Homo sapiens"
"GZMB","P10144","","granzyme B(GZMB)","Homo sapiens"
"H1-0","P07305","","H1.0 linker histone(H1-0)","Homo sapiens"
"H2AZ1","P0C0S5,Q71UI9","","H2A.Z variant histone 1(H2AZ1)","Homo sapiens"
"H2AZ2","Q71UI9","","H2A.Z variant histone 2(H2AZ2)","Homo sapiens"
"HACD2","Q6Y1H2","","3-hydroxyacyl-CoA dehydratase 2(HACD2)","Homo sapiens"
"HACD4","Q5VWC8","","3-hydroxyacyl-CoA dehydratase 4(HACD4)","Homo sapiens"
"HDAC11","Q96DB2","","histone deacetylase 11(HDAC11)","Homo sapiens"
"HDAC6","Q9UBN7","","histone deacetylase 6(HDAC6)","Homo sapiens"
"HDGFL3","Q9Y3E1","","HDGF like 3(HDGFL3)","Homo sapiens"
"HEATR5A","Q86XA9","","HEAT repeat containing 5A(HEATR5A)","Homo sapiens"
"HEBP2","Q9Y5Z4","","heme binding protein 2(HEBP2)","Homo sapiens"
"HERC1","Q15751","","HECT and RLD domain containing E3 ubiquitin protein ligase family member 1(HERC1)","Homo sapiens"
"HERPUD1","Q15011","","homocysteine inducible ER protein with ubiquitin like domain 1(HERPUD1)","Homo sapiens"
"HES1","Q14469","","hes family bHLH transcription factor 1(HES1)","Homo sapiens"
"HES2","Q9Y543","","hes family bHLH transcription factor 2(HES2)","Homo sapiens"
"HES4","Q9HCC6","","hes family bHLH transcription factor 4(HES4)","Homo sapiens"
"HEXA","P06865","","hexosaminidase subunit alpha(HEXA)","Homo sapiens"
"HGD","Q93099","","homogentisate 1,2-dioxygenase(HGD)","Homo sapiens"
"HIBADH","P31937","","3-hydroxyisobutyrate dehydrogenase(HIBADH)","Homo sapiens"
"HIC1","Q14526","","HIC ZBTB transcriptional repressor 1(HIC1)","Homo sapiens"
"HID1","Q8IV36","","HID1 domain containing(HID1)","Homo sapiens"
"HINT1","P49773","","histidine triad nucleotide binding protein 1(HINT1)","Homo sapiens"
"HK3","P52790","","hexokinase 3(HK3)","Homo sapiens"
"HLA-A","P04439","","major histocompatibility complex, class I, A(HLA-A)","Homo sapiens"
"HLA-B","P01889","","major histocompatibility complex, class I, B(HLA-B)","Homo sapiens"
"HLA-C","P10321","","major histocompatibility complex, class I, C(HLA-C)","Homo sapiens"
"HLA-H","P01893","","major histocompatibility complex, class I, H (pseudogene)(HLA-H)","Homo sapiens"
"HLCS","P50747","","holocarboxylase synthetase(HLCS)","Homo sapiens"
"HLTF","Q14527","","helicase like transcription factor(HLTF)","Homo sapiens"
"HMGB3","O15347","","high mobility group box 3(HMGB3)","Homo sapiens"
"HMGCL","P35914","","3-hydroxy-3-methylglutaryl-CoA lyase(HMGCL)","Homo sapiens"
"HNRNPA2B1","P22626","","heterogeneous nuclear ribonucleoprotein A2/B1(HNRNPA2B1)","Homo sapiens"
"HNRNPA3","P51991","","heterogeneous nuclear ribonucleoprotein A3(HNRNPA3)","Homo sapiens"
"HNRNPAB","Q99729","","heterogeneous nuclear ribonucleoprotein A/B(HNRNPAB)","Homo sapiens"
"HNRNPH1","P31943","","heterogeneous nuclear ribonucleoprotein H1(HNRNPH1)","Homo sapiens"
"HNRNPH2","P55795","","heterogeneous nuclear ribonucleoprotein H2(HNRNPH2)","Homo sapiens"
"HNRNPL","P14866","","heterogeneous nuclear ribonucleoprotein L(HNRNPL)","Homo sapiens"
"HNRNPR","O43390","","heterogeneous nuclear ribonucleoprotein R(HNRNPR)","Homo sapiens"
"HOMER2","Q9NSB8","","homer scaffold protein 2(HOMER2)","Homo sapiens"
"HOMER3","Q9NSC5","","homer scaffold protein 3(HOMER3)","Homo sapiens"
"HOOK2","Q96ED9","","hook microtubule tethering protein 2(HOOK2)","Homo sapiens"
"HOOK3","P52790","","hook microtubule tethering protein 3(HOOK3)","Homo sapiens"
"HOXA10","P31260","","homeobox A10(HOXA10)","Homo sapiens"
"HOXA11","P31270","","homeobox A11(HOXA11)","Homo sapiens"
"HOXA13","P31271","","homeobox A13(HOXA13)","Homo sapiens"
"HOXA5","P20719","","homeobox A5(HOXA5)","Homo sapiens"
"HOXB13","Q92826","","homeobox B13(HOXB13)","Homo sapiens"
"HOXB5","P09067","","homeobox B5(HOXB5)","Homo sapiens"
"HOXC11","O43248","","homeobox C11(HOXC11)","Homo sapiens"
"HPS5","Q9UPZ3","","HPS5 biogenesis of lysosomal organelles complex 2 subunit 2(HPS5)","Homo sapiens"
"HPX","P02790","","hemopexin(HPX)","Homo sapiens"
"HRAS","P01112","","HRas proto-oncogene, GTPase(HRAS)","Homo sapiens"
"HS1BP3","Q53T59","","HCLS1 binding protein 3(HS1BP3)","Homo sapiens"
"HSD17B13","Q7Z5P4","","hydroxysteroid 17-beta dehydrogenase 13(HSD17B13)","Homo sapiens"
"HSD17B4","P51659","","hydroxysteroid 17-beta dehydrogenase 4(HSD17B4)","Homo sapiens"
"HSD17B8","Q92506","","hydroxysteroid 17-beta dehydrogenase 8(HSD17B8)","Homo sapiens"
"HSP90AB2P","Q58FF8","","heat shock protein 90 alpha family class B member 2, pseudogene(HSP90AB2P)","Homo sapiens"
"HSPA13","P48723","","heat shock protein family A (Hsp70) member 13(HSPA13)","Homo sapiens"
"HSPA1A","P0DMV9,P0DMV8","","heat shock protein family A (Hsp70) member 1A(HSPA1A)","Homo sapiens"
"HSPA1B","P0DMV9","","heat shock protein family A (Hsp70) member 1B(HSPA1B)","Homo sapiens"
"HSPA1L","P34931","","heat shock protein family A (Hsp70) member 1 like(HSPA1L)","Homo sapiens"
"HSPA2","P54652","","heat shock protein family A (Hsp70) member 2(HSPA2)","Homo sapiens"
"HSPA6","P17066","","heat shock protein family A (Hsp70) member 6(HSPA6)","Homo sapiens"
"HSPA7","P48741","","heat shock protein family A (Hsp70) member 7 (pseudogene)(HSPA7)","Homo sapiens"
"HSPA9","P38646","","heat shock protein family A (Hsp70) member 9(HSPA9)","Homo sapiens"
"HSPB1","P04792","","heat shock protein family B (small) member 1(HSPB1)","Homo sapiens"
"HTATIP2","Q9BUP3","","HIV-1 Tat interactive protein 2(HTATIP2)","Homo sapiens"
"HYCC2","Q8IXS8","","hyccin PI4KA lipid kinase complex subunit 2(HYCC2)","Homo sapiens"
"IBA57","Q5T440","","iron-sulfur cluster assembly factor IBA57(IBA57)","Homo sapiens"
"ICAM1","P05362","","intercellular adhesion molecule 1(ICAM1)","Homo sapiens"
"ICMT","O60725","","isoprenylcysteine carboxyl methyltransferase(ICMT)","Homo sapiens"
"IDH3G","P51553","","isocitrate dehydrogenase (NAD(+)) 3 non-catalytic subunit gamma(IDH3G)","Homo sapiens"
"IDUA","P35475","","alpha-L-iduronidase(IDUA)","Homo sapiens"
"IER3IP1","Q9Y5U9","","immediate early response 3 interacting protein 1(IER3IP1)","Homo sapiens"
"IFFO2","Q5TF58","","intermediate filament family orphan 2(IFFO2)","Homo sapiens"
"IFI35","P80217","","interferon induced protein 35(IFI35)","Homo sapiens"
"IFI44","Q8TCB0","","interferon induced protein 44(IFI44)","Homo sapiens"
"IFI44L","Q53G44","","interferon induced protein 44 like(IFI44L)","Homo sapiens"
"IFIT5","Q13325","","interferon induced protein with tetratricopeptide repeats 5(IFIT5)","Homo sapiens"
"IFT172","Q9UG01","","intraflagellar transport 172(IFT172)","Homo sapiens"
"IFT20","Q8IY31","","intraflagellar transport 20(IFT20)","Homo sapiens"
"IFT56","A0AVF1","","intraflagellar transport 56(IFT56)","Homo sapiens"
"IFT57","Q9NWB7","","intraflagellar transport 57(IFT57)","Homo sapiens"
"IFT70A","Q86WT1","","intraflagellar transport 70A(IFT70A)","Homo sapiens"
"IFT70B","Q8N4P2","","intraflagellar transport 70B(IFT70B)","Homo sapiens"
"IFT80","Q9P2H3","","intraflagellar transport 80(IFT80)","Homo sapiens"
"IGF1R","P08069","","insulin like growth factor 1 receptor(IGF1R)","Homo sapiens"
"IGFBP3","P17936","","insulin like growth factor binding protein 3(IGFBP3)","Homo sapiens"
"IKBIP","Q70UQ0","","IKBKB interacting protein(IKBIP)","Homo sapiens"
"IKBKE","Q14164","","inhibitor of nuclear factor kappa B kinase subunit epsilon(IKBKE)","Homo sapiens"
"IL18","Q14116","","interleukin 18(IL18)","Homo sapiens"
"IL1A","P01583","","interleukin 1 alpha(IL1A)","Homo sapiens"
"IL1RAP","Q9NPH3","","interleukin 1 receptor accessory protein(IL1RAP)","Homo sapiens"
"IL1RN","P18510","","interleukin 1 receptor antagonist(IL1RN)","Homo sapiens"
"IL4I1","Q96RQ9","","interleukin 4 induced 1(IL4I1)","Homo sapiens"
"ILDR1","Q86SU0","","immunoglobulin like domain containing receptor 1(ILDR1)","Homo sapiens"
"ILKAP","Q9H0C8","","ILK associated serine/threonine phosphatase(ILKAP)","Homo sapiens"
"IMMT","Q16891","","inner membrane mitochondrial protein(IMMT)","Homo sapiens"
"INA","Q16352","","internexin neuronal intermediate filament protein alpha(INA)","Homo sapiens"
"INAVA","Q3KP66","","innate immunity activator(INAVA)","Homo sapiens"
"INCENP","Q9NQS7","","inner centromere protein(INCENP)","Homo sapiens"
"INO80","Q9ULG1","","INO80 complex ATPase subunit(INO80)","Homo sapiens"
"INPP1","P49441","","inositol polyphosphate-1-phosphatase(INPP1)","Homo sapiens"
"INPP4B","O15327","","inositol polyphosphate-4-phosphatase type II B(INPP4B)","Homo sapiens"
"INPP5D","Q92835","","inositol polyphosphate-5-phosphatase D(INPP5D)","Homo sapiens"
"INSR","P06213","","insulin receptor(INSR)","Homo sapiens"
"INTS15","Q96N11","","integrator complex subunit 15(INTS15)","Homo sapiens"
"IP6K1","Q92551","","inositol hexakisphosphate kinase 1(IP6K1)","Homo sapiens"
"IPO13","O94829","","importin 13(IPO13)","Homo sapiens"
"IQSEC1","Q6DN90","","IQ motif and Sec7 domain ArfGEF 1(IQSEC1)","Homo sapiens"
"IQSEC2","Q5JU85","","IQ motif and Sec7 domain ArfGEF 2(IQSEC2)","Homo sapiens"
"IREB2","P48200","","iron responsive element binding protein 2(IREB2)","Homo sapiens"
"IRF2BP1","Q8IU81","","interferon regulatory factor 2 binding protein 1(IRF2BP1)","Homo sapiens"
"IRF4","Q15306","","interferon regulatory factor 4(IRF4)","Homo sapiens"
"ISYNA1","Q9NPH2","","inositol-3-phosphate synthase 1(ISYNA1)","Homo sapiens"
"ITFG1","Q8TB96","","integrin alpha FG-GAP repeat containing 1(ITFG1)","Homo sapiens"
"ITGB2","P05107","","integrin subunit beta 2(ITGB2)","Homo sapiens"
"ITGB8","P26012","","integrin subunit beta 8(ITGB8)","Homo sapiens"
"ITPKC","Q96DU7","","inositol-trisphosphate 3-kinase C(ITPKC)","Homo sapiens"
"ITPRIPL2","Q3MIP1","","ITPRIP like 2(ITPRIPL2)","Homo sapiens"
"ITSN1","Q15811","","intersectin 1(ITSN1)","Homo sapiens"
"JADE1","Q6IE81","","jade family PHD finger 1(JADE1)","Homo sapiens"
"JMJD7","P0C870","","jumonji domain containing 7(JMJD7)","Homo sapiens"
"KANK1","Q14678","","KN motif and ankyrin repeat domains 1(KANK1)","Homo sapiens"
"KANK2","Q63ZY3","","KN motif and ankyrin repeat domains 2(KANK2)","Homo sapiens"
"KCTD21","Q4G0X4","","potassium channel tetramerization domain containing 21(KCTD21)","Homo sapiens"
"KDELR1","P24390","","KDEL endoplasmic reticulum protein retention receptor 1(KDELR1)","Homo sapiens"
"KDELR3","O43731","","KDEL endoplasmic reticulum protein retention receptor 3(KDELR3)","Homo sapiens"
"KDM1A","O60341","","lysine demethylase 1A(KDM1A)","Homo sapiens"
"KDM6B","O15054","","lysine demethylase 6B(KDM6B)","Homo sapiens"
"KHSRP","Q92945","","KH-type splicing regulatory protein(KHSRP)","Homo sapiens"
"KIAA0930","Q6ICG6","","KIAA0930(KIAA0930)","Homo sapiens"
"KIDINS220","Q9ULH0","","kinase D interacting substrate 220(KIDINS220)","Homo sapiens"
"KIF12","Q96FN5","","kinesin family member 12(KIF12)","Homo sapiens"
"KIF13A","Q9H1H9","","kinesin family member 13A(KIF13A)","Homo sapiens"
"KIF13B","Q9NQT8","","kinesin family member 13B(KIF13B)","Homo sapiens"
"KIF1A","Q12756","","kinesin family member 1A(KIF1A)","Homo sapiens"
"KIF1B","O60333","","kinesin family member 1B(KIF1B)","Homo sapiens"
"KIF1C","O43896","","kinesin family member 1C(KIF1C)","Homo sapiens"
"KIF23","Q02241","","kinesin family member 23(KIF23)","Homo sapiens"
"KLC3","Q6P597","","kinesin light chain 3(KLC3)","Homo sapiens"
"KLF3","P57682","","KLF transcription factor 3(KLF3)","Homo sapiens"
"KLHDC7A","Q5VTJ3","","kelch domain containing 7A(KLHDC7A)","Homo sapiens"
"KLHL22","Q53GT1","","kelch like family member 22(KLHL22)","Homo sapiens"
"KLHL42","Q9P2K6","","kelch like family member 42(KLHL42)","Homo sapiens"
"KMO","O15229","","kynurenine 3-monooxygenase(KMO)","Homo sapiens"
"KNOP1","Q1ED39","","lysine rich nucleolar protein 1(KNOP1)","Homo sapiens"
"KPNA5","O15131","","karyopherin subunit alpha 5(KPNA5)","Homo sapiens"
"KPNA6","O60684","","karyopherin subunit alpha 6(KPNA6)","Homo sapiens"
"KRIT1","O00522","","KRIT1 ankyrin repeat containing(KRIT1)","Homo sapiens"
"KRT17","Q04695","","keratin 17(KRT17)","Homo sapiens"
"KRT3","P12035","","keratin 3(KRT3)","Homo sapiens"
"KRT36","O76013","","keratin 36(KRT36)","Homo sapiens"
"KRT5","P13647","","keratin 5(KRT5)","Homo sapiens"
"KRT6A","P02538","","keratin 6A(KRT6A)","Homo sapiens"
"KRT6B","P04259","","keratin 6B(KRT6B)","Homo sapiens"
"KRT6C","P48668","","keratin 6C(KRT6C)","Homo sapiens"
"KRT7","P08729","","keratin 7(KRT7)","Homo sapiens"
"KRT71","Q3SY84","","keratin 71(KRT71)","Homo sapiens"
"KRT73","Q86Y46","","keratin 73(KRT73)","Homo sapiens"
"KRT75","O95678","","keratin 75(KRT75)","Homo sapiens"
"KRT76","Q01546","","keratin 76(KRT76)","Homo sapiens"
"KRT78","Q8N1N4","","keratin 78(KRT78)","Homo sapiens"
"KRT79","Q5XKE5","","keratin 79(KRT79)","Homo sapiens"
"KRT8","P05787","","keratin 8(KRT8)","Homo sapiens"
"KRT80","Q6KB66","","keratin 80(KRT80)","Homo sapiens"
"KRT81","Q14533","","keratin 81(KRT81)","Homo sapiens"
"KRT83","P78385","","keratin 83(KRT83)","Homo sapiens"
"KRT84","Q9NSB2","","keratin 84(KRT84)","Homo sapiens"
"KRT85","P78386","","keratin 85(KRT85)","Homo sapiens"
"KRT86","O43790","","keratin 86(KRT86)","Homo sapiens"
"KSR1","Q8IVT5","","kinase suppressor of ras 1(KSR1)","Homo sapiens"
"KYNU","Q16719","","kynureninase(KYNU)","Homo sapiens"
"L2HGDH","Q9H9P8","","L-2-hydroxyglutarate dehydrogenase(L2HGDH)","Homo sapiens"
"LAD1","O00515","","ladinin 1(LAD1)","Homo sapiens"
"LAMA4","Q16363","","laminin subunit alpha 4(LAMA4)","Homo sapiens"
"LAMTOR2","Q9Y2Q5","","late endosomal/lysosomal adaptor, MAPK and MTOR activator 2(LAMTOR2)","Homo sapiens"
"LANCL2","Q9NS86","","LanC like glutathione S-transferase 2(LANCL2)","Homo sapiens"
"LARP1","Q6PKG0","","La ribonucleoprotein 1, translational regulator(LARP1)","Homo sapiens"
"LARP1B","Q659C4","","La ribonucleoprotein 1B(LARP1B)","Homo sapiens"
"LARS2","Q15031","","leucyl-tRNA synthetase 2, mitochondrial(LARS2)","Homo sapiens"
"LDHD","Q86WU2","","lactate dehydrogenase D(LDHD)","Homo sapiens"
"LDLRAP1","Q5SW96","","low density lipoprotein receptor adaptor protein 1(LDLRAP1)","Homo sapiens"
"LETM1","O95202","","leucine zipper and EF-hand containing transmembrane protein 1(LETM1)","Homo sapiens"
"LETMD1","Q6P1Q0","","LETM1 domain containing 1(LETMD1)","Homo sapiens"
"LGALS3","P17931","","galectin 3(LGALS3)","Homo sapiens"
"LGALSL","Q3ZCW2","","galectin like(LGALSL)","Homo sapiens"
"LGMN","Q99538","","legumain(LGMN)","Homo sapiens"
"LHX2","P50458","","LIM homeobox 2(LHX2)","Homo sapiens"
"LHX9","Q9NQ69","","LIM homeobox 9(LHX9)","Homo sapiens"
"LIG1","P18858","","DNA ligase 1(LIG1)","Homo sapiens"
"LIMCH1","Q9UPQ0","","LIM and calponin homology domains 1(LIMCH1)","Homo sapiens"
"LIMK2","P53671","","LIM domain kinase 2(LIMK2)","Homo sapiens"
"LIN7C","Q9NUP9","","lin-7 homolog C, crumbs cell polarity complex component(LIN7C)","Homo sapiens"
"LIPE","Q05469","","lipase E, hormone sensitive type(LIPE)","Homo sapiens"
"LIPG","Q9Y5X9","","lipase G, endothelial type(LIPG)","Homo sapiens"
"LLGL1","Q15334","","LLGL scribble cell polarity complex component 1(LLGL1)","Homo sapiens"
"LLGL2","Q6P1M3","","LLGL scribble cell polarity complex component 2(LLGL2)","Homo sapiens"
"LMBRD2","Q68DH5","","LMBR1 domain containing 2(LMBRD2)","Homo sapiens"
"LMF1","Q96S06","","lipase maturation factor 1(LMF1)","Homo sapiens"
"LMO4","P61968","","LIM domain only 4(LMO4)","Homo sapiens"
"LMTK2","Q8IWU2","","lemur tyrosine kinase 2(LMTK2)","Homo sapiens"
"LOC102724023","P0DPI2","","glutamine amidotransferase class 1 domain containing 3B(LOC102724023)","Homo sapiens"
"LOC105980003","Q96EB1","","E60 enhancer downstream of PAX6(LOC105980003)","Homo sapiens"
"LOXL3","P58215","","lysyl oxidase like 3(LOXL3)","Homo sapiens"
"LPCAT2","Q7L5N7","","lysophosphatidylcholine acyltransferase 2(LPCAT2)","Homo sapiens"
"LRATD1","Q96KN4","","LRAT domain containing 1(LRATD1)","Homo sapiens"
"LRIG1","Q96JA1","","leucine rich repeats and immunoglobulin like domains 1(LRIG1)","Homo sapiens"
"LRP1","Q07954","","LDL receptor related protein 1(LRP1)","Homo sapiens"
"LRPPRC","P42704","","leucine rich pentatricopeptide repeat containing(LRPPRC)","Homo sapiens"
"LRRC1","Q9BTT6","","leucine rich repeat containing 1(LRRC1)","Homo sapiens"
"LRRC26","Q2I0M4","","leucine rich repeat containing 26(LRRC26)","Homo sapiens"
"LRRC49","Q8IUZ0","","leucine rich repeat containing 49(LRRC49)","Homo sapiens"
"LRRC8D","Q7L1W4","","leucine rich repeat containing 8 VRAC subunit D(LRRC8D)","Homo sapiens"
"LRRC8E","Q6NSJ5","","leucine rich repeat containing 8 VRAC subunit E(LRRC8E)","Homo sapiens"
"LRRK2","Q5S007","","leucine rich repeat kinase 2(LRRK2)","Homo sapiens"
"LSP1","P33241","","lymphocyte specific protein 1(LSP1)","Homo sapiens"
"LSR","Q86X29","","lipolysis stimulated lipoprotein receptor(LSR)","Homo sapiens"
"LTBP4","Q8N2S1","","latent transforming growth factor beta binding protein 4(LTBP4)","Homo sapiens"
"LTN1","O94822","","listerin E3 ubiquitin protein ligase 1(LTN1)","Homo sapiens"
"LUM","P51884","","lumican(LUM)","Homo sapiens"
"LXN","Q9BS40","","latexin(LXN)","Homo sapiens"
"LYAR","Q9NX58","","Ly1 antibody reactive(LYAR)","Homo sapiens"
"LYN","P07948","","LYN proto-oncogene, Src family tyrosine kinase(LYN)","Homo sapiens"
"LYSMD3","Q7Z3D4","","LysM domain containing 3(LYSMD3)","Homo sapiens"
"LYST","Q99698","","lysosomal trafficking regulator(LYST)","Homo sapiens"
"LZTS2","Q9BRK4","","leucine zipper tumor suppressor 2(LZTS2)","Homo sapiens"
"MADD","Q8WXG6","","MAP kinase activating death domain(MADD)","Homo sapiens"
"MAGEA9","P43362","","MAGE family member A9(MAGEA9)","Homo sapiens"
"MAGEA9B","P43362","","MAGE family member A9B(MAGEA9B)","Homo sapiens"
"MAGI2","Q86UL8","","membrane associated guanylate kinase, WW and PDZ domain containing 2(MAGI2)","Homo sapiens"
"MAGIX","Q9H6Y5","","MAGI family member, X-linked(MAGIX)","Homo sapiens"
"MAK16","Q9BXY0","","MAK16 homolog(MAK16)","Homo sapiens"
"MAML3","Q96JK9","","mastermind like transcriptional coactivator 3(MAML3)","Homo sapiens"
"MAN1B1","Q9UKM7","","mannosidase alpha class 1B member 1(MAN1B1)","Homo sapiens"
"MAN2A1","Q16706","","mannosidase alpha class 2A member 1(MAN2A1)","Homo sapiens"
"MAN2B1","O00754","","mannosidase alpha class 2B member 1(MAN2B1)","Homo sapiens"
"MANEA","Q5SRI9","","mannosidase endo-alpha(MANEA)","Homo sapiens"
"MANEAL","Q5VSG8","","mannosidase endo-alpha like(MANEAL)","Homo sapiens"
"MAOB","P27338","","monoamine oxidase B(MAOB)","Homo sapiens"
"MAP2K4","P45985","","mitogen-activated protein kinase kinase 4(MAP2K4)","Homo sapiens"
"MAP3K1","Q13233","","mitogen-activated protein kinase kinase kinase 1(MAP3K1)","Homo sapiens"
"MAP7","Q14244","","microtubule associated protein 7(MAP7)","Homo sapiens"
"MAP9","Q49MG5","","microtubule associated protein 9(MAP9)","Homo sapiens"
"MAPK13","O15264","","mitogen-activated protein kinase 13(MAPK13)","Homo sapiens"
"MAPK15","Q8TD08","","mitogen-activated protein kinase 15(MAPK15)","Homo sapiens"
"MAPKAP1","Q9BPZ7","","MAPK associated protein 1(MAPKAP1)","Homo sapiens"
"MAPKBP1","O60336","","mitogen-activated protein kinase binding protein 1(MAPKBP1)","Homo sapiens"
"MAPRE2","Q15555","","microtubule associated protein RP/EB family member 2(MAPRE2)","Homo sapiens"
"MAPRE3","Q9UPY8","","microtubule associated protein RP/EB family member 3(MAPRE3)","Homo sapiens"
"MARCHF5","Q9NX47","","membrane associated ring-CH-type finger 5(MARCHF5)","Homo sapiens"
"MARK1","Q9P0L2","","microtubule affinity regulating kinase 1(MARK1)","Homo sapiens"
"MAST4","O15021","","microtubule associated serine/threonine kinase family member 4(MAST4)","Homo sapiens"
"MAX","P61244","","MYC associated factor X(MAX)","Homo sapiens"
"MAZ","P56270","","MYC associated zinc finger protein(MAZ)","Homo sapiens"
"MB21D2","Q8IYB1","","Mab-21 domain containing 2(MB21D2)","Homo sapiens"
"MBOAT7","Q96N66","","membrane bound acylglycerophosphatidylinositol O-acyltransferase MBOAT7(MBOAT7)","Homo sapiens"
"MBP","P02686","","myelin basic protein(MBP)","Homo sapiens"
"MCAT","Q8IVS2","","malonyl-CoA-acyl carrier protein transacylase(MCAT)","Homo sapiens"
"MCC","P23508","","MCC regulator of WNT signaling pathway(MCC)","Homo sapiens"
"MCF2L","O15068","","MCF.2 cell line derived transforming sequence like(MCF2L)","Homo sapiens"
"MCM3AP","O60318","","minichromosome maintenance complex component 3 associated protein(MCM3AP)","Homo sapiens"
"MCUB","Q9NWR8","","mitochondrial calcium uniporter dominant negative subunit beta(MCUB)","Homo sapiens"
"MED1","Q15648","","mediator complex subunit 1(MED1)","Homo sapiens"
"MED15","Q96RN5","","mediator complex subunit 15(MED15)","Homo sapiens"
"MED18","Q9BUE0","","mediator complex subunit 18(MED18)","Homo sapiens"
"MED20","Q9H944","","mediator complex subunit 20(MED20)","Homo sapiens"
"MED25","Q71SY5","","mediator complex subunit 25(MED25)","Homo sapiens"
"MED27","Q6P2C8","","mediator complex subunit 27(MED27)","Homo sapiens"
"MED9","Q71SY5","","mediator complex subunit 9(MED9)","Homo sapiens"
"MEGF8","Q7Z7M0","","multiple EGF like domains 8(MEGF8)","Homo sapiens"
"MEIS1","O00470","","Meis homeobox 1(MEIS1)","Homo sapiens"
"MEIS2","O14770","","Meis homeobox 2(MEIS2)","Homo sapiens"
"MELTF","P08582","","melanotransferrin(MELTF)","Homo sapiens"
"METTL9","Q9H1A3","","methyltransferase 9, His-X-His N1(pi)-histidine(METTL9)","Homo sapiens"
"MFGE8","Q08431","","milk fat globule EGF and factor V/VIII domain containing(MFGE8)","Homo sapiens"
"MFSD10","Q14728","","major facilitator superfamily domain containing 10(MFSD10)","Homo sapiens"
"MFSD3","Q96ES6","","major facilitator superfamily domain containing 3(MFSD3)","Homo sapiens"
"MFSD6","Q6ZSS7","","major facilitator superfamily domain containing 6(MFSD6)","Homo sapiens"
"MGAT2","Q10469","","alpha-1,6-mannosyl-glycoprotein 2-beta-N-acetylglucosaminyltransferase(MGAT2)","Homo sapiens"
"MGAT4A","Q9UM21","","alpha-1,3-mannosyl-glycoprotein 4-beta-N-acetylglucosaminyltransferase A(MGAT4A)","Homo sapiens"
"MGAT4B","Q9UQ53","","alpha-1,3-mannosyl-glycoprotein 4-beta-N-acetylglucosaminyltransferase B(MGAT4B)","Homo sapiens"
"MGAT5","Q09328","","alpha-1,6-mannosylglycoprotein 6-beta-N-acetylglucosaminyltransferase(MGAT5)","Homo sapiens"
"MGLL","Q99685","","monoglyceride lipase(MGLL)","Homo sapiens"
"MGP","P08493","","matrix Gla protein(MGP)","Homo sapiens"
"MGRN1","O60291","","mahogunin ring finger 1(MGRN1)","Homo sapiens"
"MGST2","Q99735","","microsomal glutathione S-transferase 2(MGST2)","Homo sapiens"
"MIA-RAB4B","P61018","","MIA-RAB4B readthrough (NMD candidate)(MIA-RAB4B)","Homo sapiens"
"MIA2","Q96PC5","","MIA SH3 domain ER export factor 2(MIA2)","Homo sapiens"
"MICAL2","O94851","","microtubule associated monooxygenase, calponin and LIM domain containing 2(MICAL2)","Homo sapiens"
"MICAL3","Q7RTP6","","microtubule associated monooxygenase, calponin and LIM domain containing 3(MICAL3)","Homo sapiens"
"MICOS13","Q5XKP0","","mitochondrial contact site and cristae organizing system subunit 13(MICOS13)","Homo sapiens"
"MICU1","Q9BPX6","","mitochondrial calcium uptake 1(MICU1)","Homo sapiens"
"MID1IP1","Q9NPA3","","MID1 interacting protein 1(MID1IP1)","Homo sapiens"
"MIDN","Q504T8","","midnolin(MIDN)","Homo sapiens"
"MIEF2","Q96C03","","mitochondrial elongation factor 2(MIEF2)","Homo sapiens"
"MIGA1","Q8NAN2","","mitoguardin 1(MIGA1)","Homo sapiens"
"MIGA2","Q7L4E1","","mitoguardin 2(MIGA2)","Homo sapiens"
"MINDY1","Q8N5J2","","MINDY lysine 48 deubiquitinase 1(MINDY1)","Homo sapiens"
"MINDY4","Q4G0A6","","MINDY lysine 48 deubiquitinase 4(MINDY4)","Homo sapiens"
"MIPOL1","Q8TD10","","mirror-image polydactyly 1(MIPOL1)","Homo sapiens"
"MKNK1","Q9BUB5","","MAPK interacting serine/threonine kinase 1(MKNK1)","Homo sapiens"
"MMAB","Q96EY8","","metabolism of cobalamin associated B(MMAB)","Homo sapiens"
"MMACHC","Q9ULV8","","metabolism of cobalamin associated C(MMACHC)","Homo sapiens"
"MNAT1","P51948","","MNAT1 component of CDK activating kinase(MNAT1)","Homo sapiens"
"MOCOS","Q96EN8","","molybdenum cofactor sulfurase(MOCOS)","Homo sapiens"
"MON2","Q7Z3U7","","MON2 homolog, regulator of endosome-to-Golgi trafficking(MON2)","Homo sapiens"
"MORC3","Q14149","","MORC family CW-type zinc finger 3(MORC3)","Homo sapiens"
"MORF4L1","Q9UBU8","","mortality factor 4 like 1(MORF4L1)","Homo sapiens"
"MORF4L2","Q15014","","mortality factor 4 like 2(MORF4L2)","Homo sapiens"
"MOSPD2","Q8NHP6","","motile sperm domain containing 2(MOSPD2)","Homo sapiens"
"MPC2","O95563","","mitochondrial pyruvate carrier 2(MPC2)","Homo sapiens"
"MPDZ","O75970","","multiple PDZ domain crumbs cell polarity complex component(MPDZ)","Homo sapiens"
"MPI","P34949","","mannose phosphate isomerase(MPI)","Homo sapiens"
"MPND","Q8N594","","MPN domain containing(MPND)","Homo sapiens"
"MPP2","Q14168","","MAGUK p55 scaffold protein 2(MPP2)","Homo sapiens"
"MPPED2","Q15777","","metallophosphoesterase domain containing 2(MPPED2)","Homo sapiens"
"MPZL1","O95297","","myelin protein zero like 1(MPZL1)","Homo sapiens"
"MR1","Q95460","","major histocompatibility complex, class I-related(MR1)","Homo sapiens"
"MRPL10","Q7Z7H8","","mitochondrial ribosomal protein L10(MRPL10)","Homo sapiens"
"MRPL15","Q9P015","","mitochondrial ribosomal protein L15(MRPL15)","Homo sapiens"
"MRPL16","Q9NX20","","mitochondrial ribosomal protein L16(MRPL16)","Homo sapiens"
"MRPL17","Q9NRX2","","mitochondrial ribosomal protein L17(MRPL17)","Homo sapiens"
"MRPL3","P09001","","mitochondrial ribosomal protein L3(MRPL3)","Homo sapiens"
"MRPL33","O75394","","mitochondrial ribosomal protein L33(MRPL33)","Homo sapiens"
"MRPL38","Q96DV4","","mitochondrial ribosomal protein L38(MRPL38)","Homo sapiens"
"MRPL39","Q9NYK5","","mitochondrial ribosomal protein L39(MRPL39)","Homo sapiens"
"MRPL50","Q8N5N7","","mitochondrial ribosomal protein L50(MRPL50)","Homo sapiens"
"MRPS11","P82912","","mitochondrial ribosomal protein S11(MRPS11)","Homo sapiens"
"MRPS22","P82650","","mitochondrial ribosomal protein S22(MRPS22)","Homo sapiens"
"MRPS26","Q9BYN8","","mitochondrial ribosomal protein S26(MRPS26)","Homo sapiens"
"MRPS28","Q9Y2Q9","","mitochondrial ribosomal protein S28(MRPS28)","Homo sapiens"
"MRTFA","Q969V6","","myocardin related transcription factor A(MRTFA)","Homo sapiens"
"MRTFB","Q9ULH7","","myocardin related transcription factor B(MRTFB)","Homo sapiens"
"MSANTD2","Q6P1R3","","Myb/SANT DNA binding domain containing 2(MSANTD2)","Homo sapiens"
"MSLN","Q13421","","mesothelin(MSLN)","Homo sapiens"
"MSN","P26038","","moesin(MSN)","Homo sapiens"
"MSRA","Q9UJ68","","methionine sulfoxide reductase A(MSRA)","Homo sapiens"
"MST1R","Q04912","","macrophage stimulating 1 receptor(MST1R)","Homo sapiens"
"MT-CO3","P00414","","mitochondrially encoded cytochrome c oxidase III(MT-CO3)","Homo sapiens"
"MTAP","Q13126","","methylthioadenosine phosphorylase(MTAP)","Homo sapiens"
"MTARC1","Q5VT66","","mitochondrial amidoxime reducing component 1(MTARC1)","Homo sapiens"
"MTARC2","Q969Z3","","mitochondrial amidoxime reducing component 2(MTARC2)","Homo sapiens"
"MTCL1","Q9Y4B5","","microtubule crosslinking factor 1(MTCL1)","Homo sapiens"
"MTCL2","O94964","","microtubule crosslinking factor 2(MTCL2)","Homo sapiens"
"MTFR1","Q15390","","mitochondrial fission regulator 1(MTFR1)","Homo sapiens"
"MTFR1L","Q9H019","","mitochondrial fission regulator 1 like(MTFR1L)","Homo sapiens"
"MTG1","Q9BT17","","mitochondrial ribosome associated GTPase 1(MTG1)","Homo sapiens"
"MTHFS","P49914","","methenyltetrahydrofolate synthetase(MTHFS)","Homo sapiens"
"MTIF3","Q9H2K0","","mitochondrial translational initiation factor 3(MTIF3)","Homo sapiens"
"MTMR10","Q9NXD2","","myotubularin related protein 10(MTMR10)","Homo sapiens"
"MTNAP1","Q9BSJ5","","mitochondrial nucleoid associated protein 1(MTNAP1)","Homo sapiens"
"MTSS1","O43312","","MTSS I-BAR domain containing 1(MTSS1)","Homo sapiens"
"MTX1","Q13505","","metaxin 1(MTX1)","Homo sapiens"
"MUC2","Q02817","","mucin 2, oligomeric mucus/gel-forming(MUC2)","Homo sapiens"
"MUC6","Q6W4X9","","mucin 6, oligomeric mucus/gel-forming (gene/pseudogene)(MUC6)","Homo sapiens"
"MUS81","Q96NY9","","MUS81 structure-specific endonuclease subunit(MUS81)","Homo sapiens"
"MVB12B","Q9H7P6","","multivesicular body subunit 12B(MVB12B)","Homo sapiens"
"MX1","P20591","","MX dynamin like GTPase 1(MX1)","Homo sapiens"
"MX2","P20592","","MX dynamin like GTPase 2(MX2)","Homo sapiens"
"MYADM","Q96S97","","myeloid associated differentiation marker(MYADM)","Homo sapiens"
"MYDGF","Q969H8","","myeloid derived growth factor(MYDGF)","Homo sapiens"
"MYH1","P12882","","myosin heavy chain 1(MYH1)","Homo sapiens"
"MYH10","P35580","","myosin heavy chain 10(MYH10)","Homo sapiens"
"MYH11","P35749","","myosin heavy chain 11(MYH11)","Homo sapiens"
"MYH13","Q9UKX3","","myosin heavy chain 13(MYH13)","Homo sapiens"
"MYH14","Q7Z406","","myosin heavy chain 14(MYH14)","Homo sapiens"
"MYH2","Q9UKX2","","myosin heavy chain 2(MYH2)","Homo sapiens"
"MYH3","P11055","","myosin heavy chain 3(MYH3)","Homo sapiens"
"MYH4","Q9Y623","","myosin heavy chain 4(MYH4)","Homo sapiens"
"MYH6","P13533","","myosin heavy chain 6(MYH6)","Homo sapiens"
"MYH7","P12883","","myosin heavy chain 7(MYH7)","Homo sapiens"
"MYH8","P13535","","myosin heavy chain 8(MYH8)","Homo sapiens"
"MYH9","P35579","","myosin heavy chain 9(MYH9)","Homo sapiens"
"MYL11","Q96A32","","myosin light chain 11(MYL11)","Homo sapiens"
"MYLK","Q15746","","myosin light chain kinase(MYLK)","Homo sapiens"
"MYO1F","O00160","","myosin IF(MYO1F)","Homo sapiens"
"MYO5C","Q9NQX4","","myosin VC(MYO5C)","Homo sapiens"
"MYO7A","Q13402","","myosin VIIA(MYO7A)","Homo sapiens"
"MYORG","Q6NSJ0","","myogenesis regulating glycosidase(MYORG)","Homo sapiens"
"MYZAP","P0CAP1","","myocardial zonula adherens protein(MYZAP)","Homo sapiens"
"NAA15","Q9BXJ9","","N-alpha-acetyltransferase 15, NatA auxiliary subunit(NAA15)","Homo sapiens"
"NAA16","Q6N069","","N-alpha-acetyltransferase 16, NatA auxiliary subunit(NAA16)","Homo sapiens"
"NAA25","Q14CX7","","N-alpha-acetyltransferase 25, NatB auxiliary subunit(NAA25)","Homo sapiens"
"NAAA","Q02083","","N-acylethanolamine acid amidase(NAAA)","Homo sapiens"
"NAALADL2","Q58DX5","","N-acetylated alpha-linked acidic dipeptidase like 2(NAALADL2)","Homo sapiens"
"NAB1","Q13506","","NGFI-A binding protein 1(NAB1)","Homo sapiens"
"NADK2","Q4G0N4","","NAD kinase 2, mitochondrial(NADK2)","Homo sapiens"
"NAGLU","P54802","","N-acetyl-alpha-glucosaminidase(NAGLU)","Homo sapiens"
"NAT1","P18440","","N-acetyltransferase 1(NAT1)","Homo sapiens"
"NAT14","Q8WUY8","","N-acetyltransferase 14 (putative)(NAT14)","Homo sapiens"
"NAV1","Q8NEY1","","neuron navigator 1(NAV1)","Homo sapiens"
"NAXD","Q8IW45","","NAD(P)HX dehydratase(NAXD)","Homo sapiens"
"NCALD","P61601","","neurocalcin delta(NCALD)","Homo sapiens"
"NCBP2","P52298","","nuclear cap binding protein subunit 2(NCBP2)","Homo sapiens"
"NCL","P19338","","nucleolin(NCL)","Homo sapiens"
"NCOA6","Q14686","","nuclear receptor coactivator 6(NCOA6)","Homo sapiens"
"NCOA7","Q8NI08","","nuclear receptor coactivator 7(NCOA7)","Homo sapiens"
"NCOR1","O75376","","nuclear receptor corepressor 1(NCOR1)","Homo sapiens"
"NCOR2","Q9Y618","","nuclear receptor corepressor 2(NCOR2)","Homo sapiens"
"NDRG2","Q9UN36","","NDRG family member 2(NDRG2)","Homo sapiens"
"NDST2","P52849","","N-deacetylase and N-sulfotransferase 2(NDST2)","Homo sapiens"
"NDUFA11","Q86Y39","","NADH:ubiquinone oxidoreductase subunit A11(NDUFA11)","Homo sapiens"
"NDUFA7","O95182","","NADH:ubiquinone oxidoreductase subunit A7(NDUFA7)","Homo sapiens"
"NDUFAF6","Q330K2","","NADH:ubiquinone oxidoreductase complex assembly factor 6(NDUFAF6)","Homo sapiens"
"NDUFB9","Q9Y6M9","","NADH:ubiquinone oxidoreductase subunit B9(NDUFB9)","Homo sapiens"
"NDUFC2","O95298","","NADH:ubiquinone oxidoreductase subunit C2(NDUFC2)","Homo sapiens"
"NDUFC2-KCTD14","O95298,E9PQ53","","NDUFC2-KCTD14 readthrough(NDUFC2-KCTD14)","Homo sapiens"
"NDUFS3","O75489","","NADH:ubiquinone oxidoreductase core subunit S3(NDUFS3)","Homo sapiens"
"NDUFS4","O43181","","NADH:ubiquinone oxidoreductase subunit S4(NDUFS4)","Homo sapiens"
"NDUFS6","O75380","","NADH:ubiquinone oxidoreductase subunit S6(NDUFS6)","Homo sapiens"
"NECTIN1","Q15223","","nectin cell adhesion molecule 1(NECTIN1)","Homo sapiens"
"NECTIN4","Q96NY8","","nectin cell adhesion molecule 4(NECTIN4)","Homo sapiens"
"NEDD9","Q14511","","neural precursor cell expressed, developmentally down-regulated 9(NEDD9)","Homo sapiens"
"NEFL","P07196","","neurofilament light chain(NEFL)","Homo sapiens"
"NEFM","P07197","","neurofilament medium chain(NEFM)","Homo sapiens"
"NENF","Q9UMX5","","neudesin neurotrophic factor(NENF)","Homo sapiens"
"NEO1","Q92859","","neogenin 1(NEO1)","Homo sapiens"
"NFIA","Q12857","","nuclear factor I A(NFIA)","Homo sapiens"
"NFIB","O00712","","nuclear factor I B(NFIB)","Homo sapiens"
"NFIC","P08651","","nuclear factor I C(NFIC)","Homo sapiens"
"NFIX","Q14938","","nuclear factor I X(NFIX)","Homo sapiens"
"NFKBIA","P25963","","NFKB inhibitor alpha(NFKBIA)","Homo sapiens"
"NFYC","Q13952","","nuclear transcription factor Y subunit gamma(NFYC)","Homo sapiens"
"NHEJ1","Q9H9Q4","","non-homologous end joining factor 1(NHEJ1)","Homo sapiens"
"NID1","P14543","","nidogen 1(NID1)","Homo sapiens"
"NIPSNAP2","O75323","","nipsnap homolog 2(NIPSNAP2)","Homo sapiens"
"NKAP","Q8N5F7","","NFKB activating protein(NKAP)","Homo sapiens"
"NKAPD1","Q6ZUT1","","NKAP domain containing 1(NKAPD1)","Homo sapiens"
"NKTR","P30414","","natural killer cell triggering receptor(NKTR)","Homo sapiens"
"NKX2-8","O15522","","NK2 homeobox 8(NKX2-8)","Homo sapiens"
"NLE1","Q9NVX2","","notchless homolog 1(NLE1)","Homo sapiens"
"NLN","Q9BYT8","","neurolysin(NLN)","Homo sapiens"
"NLRP10","Q86W26","","NLR family pyrin domain containing 10(NLRP10)","Homo sapiens"
"NLRP2","Q9NX02","","NLR family pyrin domain containing 2(NLRP2)","Homo sapiens"
"NLRP7","Q8WX94","","NLR family pyrin domain containing 7(NLRP7)","Homo sapiens"
"NME3","Q13232","","NME/NM23 nucleoside diphosphate kinase 3(NME3)","Homo sapiens"
"NME4","O00746","","NME/NM23 nucleoside diphosphate kinase 4(NME4)","Homo sapiens"
"NMNAT1","Q9HAN9","","nicotinamide nucleotide adenylyltransferase 1(NMNAT1)","Homo sapiens"
"NMNAT3","Q96T66","","nicotinamide nucleotide adenylyltransferase 3(NMNAT3)","Homo sapiens"
"NNMT","P40261","","nicotinamide N-methyltransferase(NNMT)","Homo sapiens"
"NOA1","Q8NC60","","nitric oxide associated 1(NOA1)","Homo sapiens"
"NOL4L","Q96MY1","","nucleolar protein 4 like(NOL4L)","Homo sapiens"
"NOLC1","Q14978","","nucleolar and coiled-body phosphoprotein 1(NOLC1)","Homo sapiens"
"NOP2","P46087","","NOP2 nucleolar protein(NOP2)","Homo sapiens"
"NOP56","O00567","","NOP56 ribonucleoprotein(NOP56)","Homo sapiens"
"NOP58","Q9Y2X3","","NOP58 ribonucleoprotein(NOP58)","Homo sapiens"
"NOS1AP","O75052","","nitric oxide synthase 1 adaptor protein(NOS1AP)","Homo sapiens"
"NOSTRIN","Q8IVI9","","nitric oxide synthase trafficking(NOSTRIN)","Homo sapiens"
"NOTCH3","Q9UM47","","notch receptor 3(NOTCH3)","Homo sapiens"
"NPAS2","Q99743","","neuronal PAS domain protein 2(NPAS2)","Homo sapiens"
"NPC1","O15118","","NPC intracellular cholesterol transporter 1(NPC1)","Homo sapiens"
"NPCA1","O15118","","Nasopharyngeal carcinoma 1(NPCA1)","Homo sapiens"
"NPTN","Q9Y639","","neuroplastin(NPTN)","Homo sapiens"
"NRAS","P01111","","NRAS proto-oncogene, GTPase(NRAS)","Homo sapiens"
"NRBP2","Q9NSY0","","nuclear receptor binding protein 2(NRBP2)","Homo sapiens"
"NRIP1","P48552","","nuclear receptor interacting protein 1(NRIP1)","Homo sapiens"
"NSA2","O95478","","NSA2 ribosome biogenesis factor(NSA2)","Homo sapiens"
"NT5C","Q8TCD5","","5', 3'-nucleotidase, cytosolic(NT5C)","Homo sapiens"
"NT5DC1","Q5TFE4","","5'-nucleotidase domain containing 1(NT5DC1)","Homo sapiens"
"NUCB2","P80303","","nucleobindin 2(NUCB2)","Homo sapiens"
"NUDCD1","Q96RS6","","NudC domain containing 1(NUDCD1)","Homo sapiens"
"NUDCD3","Q8IVD9","","NudC domain containing 3(NUDCD3)","Homo sapiens"
"NUDT16","Q96DE0","","nudix hydrolase 16(NUDT16)","Homo sapiens"
"NVL","O15381","","nuclear VCP like(NVL)","Homo sapiens"
"NXF1","Q9UBU9","","nuclear RNA export factor 1(NXF1)","Homo sapiens"
"NYNRIN","Q9P2P1","","NYN domain and retroviral integrase containing(NYNRIN)","Homo sapiens"
"OAS1","P00973","","2'-5'-oligoadenylate synthetase 1(OAS1)","Homo sapiens"
"OCRL","Q01968","","OCRL inositol polyphosphate-5-phosphatase(OCRL)","Homo sapiens"
"OFD1","O75665","","OFD1 centriole and centriolar satellite protein(OFD1)","Homo sapiens"
"OGFR","Q9NZT2","","opioid growth factor receptor(OGFR)","Homo sapiens"
"OPA1","O60313","","OPA1 mitochondrial dynamin like GTPase(OPA1)","Homo sapiens"
"OPA3","Q9H6K4","","outer mitochondrial membrane lipid metabolism regulator OPA3(OPA3)","Homo sapiens"
"OPHN1","O60890","","oligophrenin 1(OPHN1)","Homo sapiens"
"OPLAH","O14841","","5-oxoprolinase, ATP-hydrolysing(OPLAH)","Homo sapiens"
"OPTN","Q96CV9","","optineurin(OPTN)","Homo sapiens"
"ORMDL1","Q9P0S3","","ORMDL sphingolipid biosynthesis regulator 1(ORMDL1)","Homo sapiens"
"OSBPL1A","Q9BXW6","","oxysterol binding protein like 1A(OSBPL1A)","Homo sapiens"
"OSBPL5","Q9H0X9","","oxysterol binding protein like 5(OSBPL5)","Homo sapiens"
"OSTC","Q9NRP0","","oligosaccharyltransferase complex non-catalytic subunit(OSTC)","Homo sapiens"
"OTUD7B","Q6GQQ9","","OTU deubiquitinase 7B(OTUD7B)","Homo sapiens"
"OXA1L","Q15070","","OXA1L mitochondrial inner membrane insertase(OXA1L)","Homo sapiens"
"OXR1","Q8N573","","oxidation resistance 1(OXR1)","Homo sapiens"
"OXSM","Q9NWU1","","3-oxoacyl-ACP synthase, mitochondrial(OXSM)","Homo sapiens"
"P3H3","Q8IVL6","","prolyl 3-hydroxylase 3(P3H3)","Homo sapiens"
"P3H4","Q92791","","prolyl 3-hydroxylase family member 4 (inactive)(P3H4)","Homo sapiens"
"P4HA1","P13674","","prolyl 4-hydroxylase subunit alpha 1(P4HA1)","Homo sapiens"
"P4HTM","Q9NXG6","","prolyl 4-hydroxylase, transmembrane(P4HTM)","Homo sapiens"
"PACSIN1","Q9BY11","","protein kinase C and casein kinase substrate in neurons 1(PACSIN1)","Homo sapiens"
"PADI2","Q9Y2J8","","peptidyl arginine deiminase 2(PADI2)","Homo sapiens"
"PADI3","Q9ULW8","","peptidyl arginine deiminase 3(PADI3)","Homo sapiens"
"PAFAH2","Q99487","","platelet activating factor acetylhydrolase 2(PAFAH2)","Homo sapiens"
"PAGR1","Q9BTK6","","PAXIP1 associated glutamate rich protein 1(PAGR1)","Homo sapiens"
"PAK1","Q13153","","p21 (RAC1) activated kinase 1(PAK1)","Homo sapiens"
"PALM3","A6NDB9","","paralemmin 3(PALM3)","Homo sapiens"
"PAN3","Q58A45","","poly(A) specific ribonuclease subunit PAN3(PAN3)","Homo sapiens"
"PANK4","Q9NVE7","","pantothenate kinase 4 (inactive)(PANK4)","Homo sapiens"
"PANX1","Q96RD7","","pannexin 1(PANX1)","Homo sapiens"
"PAPSS2","O95340","","3'-phosphoadenosine 5'-phosphosulfate synthase 2(PAPSS2)","Homo sapiens"
"PARS2","Q7L3T8","","prolyl-tRNA synthetase 2, mitochondrial(PARS2)","Homo sapiens"
"PARVA","Q9NVD7","","parvin alpha(PARVA)","Homo sapiens"
"PARVB","Q9HBI1","","parvin beta(PARVB)","Homo sapiens"
"PATJ","Q8NI35","","PATJ crumbs cell polarity complex component(PATJ)","Homo sapiens"
"PAX8","Q06710","","paired box 8(PAX8)","Homo sapiens"
"PBDC1","Q9BVG4","","polysaccharide biosynthesis domain containing 1(PBDC1)","Homo sapiens"
"PBX1","P40424","","PBX homeobox 1(PBX1)","Homo sapiens"
"PBX3","P40426","","PBX homeobox 3(PBX3)","Homo sapiens"
"PBXIP1","Q96AQ6","","PBX homeobox interacting protein 1(PBXIP1)","Homo sapiens"
"PCBD1","P61457","","pterin-4 alpha-carbinolamine dehydratase 1(PCBD1)","Homo sapiens"
"PCCA","P05165","","propionyl-CoA carboxylase subunit alpha(PCCA)","Homo sapiens"
"PCK1","P35558","","phosphoenolpyruvate carboxykinase 1(PCK1)","Homo sapiens"
"PCK2","Q16822","","phosphoenolpyruvate carboxykinase 2, mitochondrial(PCK2)","Homo sapiens"
"PCMTD1","Q96MG8","","protein-L-isoaspartate (D-aspartate) O-methyltransferase domain containing 1(PCMTD1)","Homo sapiens"
"PCNA","P12004","","proliferating cell nuclear antigen(PCNA)","Homo sapiens"
"PCOLCE","Q15113","","procollagen C-endopeptidase enhancer(PCOLCE)","Homo sapiens"
"PCSK2","P16519","","proprotein convertase subtilisin/kexin type 2(PCSK2)","Homo sapiens"
"PCYOX1","Q9UHG3","","prenylcysteine oxidase 1(PCYOX1)","Homo sapiens"
"PCYOX1L","Q8NBM8","","prenylcysteine oxidase 1 like(PCYOX1L)","Homo sapiens"
"PCYT1A","P49585","","phosphate cytidylyltransferase 1A, choline(PCYT1A)","Homo sapiens"
"PDCL3","Q9H2J4","","phosducin like 3(PDCL3)","Homo sapiens"
"PDE7A","Q13946","","phosphodiesterase 7A(PDE7A)","Homo sapiens"
"PDE8A","O60658","","phosphodiesterase 8A(PDE8A)","Homo sapiens"
"PDHA1","P08559","","pyruvate dehydrogenase E1 subunit alpha 1(PDHA1)","Homo sapiens"
"PDHA2","P29803","","pyruvate dehydrogenase E1 subunit alpha 2(PDHA2)","Homo sapiens"
"PDIA5","Q14554","","protein disulfide isomerase family A member 5(PDIA5)","Homo sapiens"
"PDK3","Q15120","","pyruvate dehydrogenase kinase 3(PDK3)","Homo sapiens"
"PDP1","Q9P0J1","","pyruvate dehydrogenase phosphatase catalytic subunit 1(PDP1)","Homo sapiens"
"PDPK1","O15530,Q6A1A2","","3-phosphoinositide dependent protein kinase 1(PDPK1)","Homo sapiens"
"PDZD11","Q5EBL8","","PDZ domain containing 11(PDZD11)","Homo sapiens"
"PDZD2","O15018","","PDZ domain containing 2(PDZD2)","Homo sapiens"
"PEAK1","Q9H792","","pseudopodium enriched atypical kinase 1(PEAK1)","Homo sapiens"
"PEDS1","A5PLL7","","plasmanylethanolamine desaturase 1(PEDS1)","Homo sapiens"
"PER1","O15534","","period circadian regulator 1(PER1)","Homo sapiens"
"PEX11A","O75192","","peroxisomal biogenesis factor 11 alpha(PEX11A)","Homo sapiens"
"PEX16","Q9Y5Y5","","peroxisomal biogenesis factor 16(PEX16)","Homo sapiens"
"PEX3","P56589","","peroxisomal biogenesis factor 3(PEX3)","Homo sapiens"
"PFAS","O15067","","phosphoribosylformylglycinamidine synthase(PFAS)","Homo sapiens"
"PFKFB2","O60825","","6-phosphofructo-2-kinase/fructose-2,6-biphosphatase 2(PFKFB2)","Homo sapiens"
"PFKFB3","Q16875","","6-phosphofructo-2-kinase/fructose-2,6-biphosphatase 3(PFKFB3)","Homo sapiens"
"PFKL","P17858","","phosphofructokinase, liver type(PFKL)","Homo sapiens"
"PFKM","P08237","","phosphofructokinase, muscle(PFKM)","Homo sapiens"
"PFKP","Q01813","","phosphofructokinase, platelet(PFKP)","Homo sapiens"
"PGAM4","Q8N0Y7","","phosphoglycerate mutase family member 4(PGAM4)","Homo sapiens"
"PGBD3","Q8N328","","piggyBac transposable element derived 3(PGBD3)","Homo sapiens"
"PGM3","O95394","","phosphoglucomutase 3(PGM3)","Homo sapiens"
"PHACTR4","Q8IZ21","","phosphatase and actin regulator 4(PHACTR4)","Homo sapiens"
"PHC2","Q8IXK0","","polyhomeotic homolog 2(PHC2)","Homo sapiens"
"PHC3","Q8NDX5","","polyhomeotic homolog 3(PHC3)","Homo sapiens"
"PHKA1","P46020","","phosphorylase kinase regulatory subunit alpha 1(PHKA1)","Homo sapiens"
"PHKG2","P15735","","phosphorylase kinase catalytic subunit gamma 2(PHKG2)","Homo sapiens"
"PHLDB2","Q86SQ0","","pleckstrin homology like domain family B member 2(PHLDB2)","Homo sapiens"
"PHLDB3","Q6NSJ2","","pleckstrin homology like domain family B member 3(PHLDB3)","Homo sapiens"
"PI4K2A","Q9BTU6","","phosphatidylinositol 4-kinase type 2 alpha(PI4K2A)","Homo sapiens"
"PI4KA","P42356","","phosphatidylinositol 4-kinase alpha(PI4KA)","Homo sapiens"
"PI4KAP1","Q8N8J0","","phosphatidylinositol 4-kinase alpha pseudogene 1(PI4KAP1)","Homo sapiens"
"PI4KAP2","A4QPH2","","phosphatidylinositol 4-kinase alpha pseudogene 2(PI4KAP2)","Homo sapiens"
"PICK1","Q9NRD5","","protein interacting with PRKCA 1(PICK1)","Homo sapiens"
"PIEZO1","Q92508","","piezo type mechanosensitive ion channel component 1 (Er blood group)(PIEZO1)","Homo sapiens"
"PIGB","Q92521","","phosphatidylinositol glycan anchor biosynthesis class B(PIGB)","Homo sapiens"
"PIGG","Q5H8A4","","phosphatidylinositol glycan anchor biosynthesis class G (EMM blood group)(PIGG)","Homo sapiens"
"PIGN","O95427","","phosphatidylinositol glycan anchor biosynthesis class N(PIGN)","Homo sapiens"
"PIGQ","Q9BRB3","","phosphatidylinositol glycan anchor biosynthesis class Q(PIGQ)","Homo sapiens"
"PIK3CB","P42338","","phosphatidylinositol-4,5-bisphosphate 3-kinase catalytic subunit beta(PIK3CB)","Homo sapiens"
"PIK3CD","O00329","","phosphatidylinositol-4,5-bisphosphate 3-kinase catalytic subunit delta(PIK3CD)","Homo sapiens"
"PIK3R2","O00459","","phosphoinositide-3-kinase regulatory subunit 2(PIK3R2)","Homo sapiens"
"PITHD1","Q9GZP4","","PITH domain containing 1(PITHD1)","Homo sapiens"
"PKMYT1","Q99640","","protein kinase, membrane associated tyrosine/threonine 1(PKMYT1)","Homo sapiens"
"PKP2","Q99959","","plakophilin 2(PKP2)","Homo sapiens"
"PKP4","Q99569","","plakophilin 4(PKP4)","Homo sapiens"
"PLA2G4A","P47712","","phospholipase A2 group IVA(PLA2G4A)","Homo sapiens"
"PLAGL2","Q9UPG8","","PLAG1 like zinc finger 2(PLAGL2)","Homo sapiens"
"PLAU","P00749","","plasminogen activator, urokinase(PLAU)","Homo sapiens"
"PLBD1","Q6P4A8","","phospholipase B domain containing 1(PLBD1)","Homo sapiens"
"PLBD2","Q8NHP8","","phospholipase B domain containing 2(PLBD2)","Homo sapiens"
"PLCD1","P51178","","phospholipase C delta 1(PLCD1)","Homo sapiens"
"PLCD3","Q8N3E9","","phospholipase C delta 3(PLCD3)","Homo sapiens"
"PLCD4","Q9BRC7","","phospholipase C delta 4(PLCD4)","Homo sapiens"
"PLCXD3","Q63HM9","","phosphatidylinositol specific phospholipase C X domain containing 3(PLCXD3)","Homo sapiens"
"PLD1","Q13393","","phospholipase D1(PLD1)","Homo sapiens"
"PLEC","Q15149","","plectin(PLEC)","Homo sapiens"
"PLEK2","Q9NYT0","","pleckstrin 2(PLEK2)","Homo sapiens"
"PLEKHA4","Q9H4M7","","pleckstrin homology domain containing A4(PLEKHA4)","Homo sapiens"
"PLEKHG1","Q9ULL1","","pleckstrin homology and RhoGEF domain containing G1(PLEKHG1)","Homo sapiens"
"PLEKHG3","A1L390","","pleckstrin homology and RhoGEF domain containing G3(PLEKHG3)","Homo sapiens"
"PLEKHG4B","Q96PX9","","pleckstrin homology and RhoGEF domain containing G4B(PLEKHG4B)","Homo sapiens"
"PLEKHG6","Q3KR16","","pleckstrin homology and RhoGEF domain containing G6(PLEKHG6)","Homo sapiens"
"PLEKHN1","Q494U1","","pleckstrin homology domain containing N1(PLEKHN1)","Homo sapiens"
"PLEKHO1","Q53GL0","","pleckstrin homology domain containing O1(PLEKHO1)","Homo sapiens"
"PLGRKT","Q9HBL7","","plasminogen receptor with a C-terminal lysine(PLGRKT)","Homo sapiens"
"PLIN2","Q99541","","perilipin 2(PLIN2)","Homo sapiens"
"PLIN4","Q96Q06","","perilipin 4(PLIN4)","Homo sapiens"
"PLIN5","Q00G26","","perilipin 5(PLIN5)","Homo sapiens"
"PLOD3","O60568","","procollagen-lysine,2-oxoglutarate 5-dioxygenase 3(PLOD3)","Homo sapiens"
"PLS1","Q14651","","plastin 1(PLS1)","Homo sapiens"
"PLS3","P13797","","plastin 3(PLS3)","Homo sapiens"
"PLXNA3","P51805","","plexin A3(PLXNA3)","Homo sapiens"
"PLXNB1","O43157","","plexin B1(PLXNB1)","Homo sapiens"
"PLXND1","Q9Y4D7","","plexin D1(PLXND1)","Homo sapiens"
"PMEPA1","Q969W9","","prostate transmembrane protein, androgen induced 1(PMEPA1)","Homo sapiens"
"PNKD","Q8N490","","PNKD metallo-beta-lactamase domain containing(PNKD)","Homo sapiens"
"PNPLA7","Q6ZV29","","patatin like domain 7, lysophospholipase(PNPLA7)","Homo sapiens"
"PNPO","Q9NVS9","","pyridoxamine 5'-phosphate oxidase(PNPO)","Homo sapiens"
"PODXL","O00592","","podocalyxin like(PODXL)","Homo sapiens"
"POGLUT1","Q8NBL1","","protein O-glucosyltransferase 1(POGLUT1)","Homo sapiens"
"POGLUT2","Q6UW63","","protein O-glucosyltransferase 2(POGLUT2)","Homo sapiens"
"POGLUT3","Q7Z4H8","","protein O-glucosyltransferase 3(POGLUT3)","Homo sapiens"
"POLD1","P28340","","DNA polymerase delta 1, catalytic subunit(POLD1)","Homo sapiens"
"POLG","P54098","","DNA polymerase gamma, catalytic subunit(POLG)","Homo sapiens"
"POLR1F","Q3B726","","RNA polymerase I subunit F(POLR1F)","Homo sapiens"
"POLR2L","P62875","","RNA polymerase II, I and III subunit L(POLR2L)","Homo sapiens"
"POMGNT2","Q8NAT1","","protein O-linked mannose N-acetylglucosaminyltransferase 2 (beta 1,4-)(POMGNT2)","Homo sapiens"
"POMK","Q9H5K3","","protein O-mannose kinase(POMK)","Homo sapiens"
"POMT1","Q9Y6A1","","protein O-mannosyltransferase 1(POMT1)","Homo sapiens"
"PON1","P27169","","paraoxonase 1(PON1)","Homo sapiens"
"PON3","Q15166","","paraoxonase 3(PON3)","Homo sapiens"
"POU2F1","P14859","","POU class 2 homeobox 1(POU2F1)","Homo sapiens"
"POU2F2","P09086","","POU class 2 homeobox 2(POU2F2)","Homo sapiens"
"POU2F3","Q9UKI9","","POU class 2 homeobox 3(POU2F3)","Homo sapiens"
"PPAN","Q9NQ55","","peter pan homolog(PPAN)","Homo sapiens"
"PPFIBP2","Q8ND30","","PPFIA binding protein 2(PPFIBP2)","Homo sapiens"
"PPIL1","Q9Y3C6","","peptidylprolyl isomerase like 1(PPIL1)","Homo sapiens"
"PPM1H","Q9ULR3","","protein phosphatase, Mg2+/Mn2+ dependent 1H(PPM1H)","Homo sapiens"
"PPM1J","Q5JR12","","protein phosphatase, Mg2+/Mn2+ dependent 1J(PPM1J)","Homo sapiens"
"PPP1R12B","O60237","","protein phosphatase 1 regulatory subunit 12B(PPP1R12B)","Homo sapiens"
"PPP1R12C","Q9BZL4","","protein phosphatase 1 regulatory subunit 12C(PPP1R12C)","Homo sapiens"
"PPP1R13L","Q8WUF5","","protein phosphatase 1 regulatory subunit 13 like(PPP1R13L)","Homo sapiens"
"PPP1R14B","Q96C90","","protein phosphatase 1 regulatory inhibitor subunit 14B(PPP1R14B)","Homo sapiens"
"PPP1R16B","Q96T49","","protein phosphatase 1 regulatory subunit 16B(PPP1R16B)","Homo sapiens"
"PPP1R21","Q6ZMI0","","protein phosphatase 1 regulatory subunit 21(PPP1R21)","Homo sapiens"
"PPP1R37","O75864","","protein phosphatase 1 regulatory subunit 37(PPP1R37)","Homo sapiens"
"PPP1R9A","Q9ULJ8","","protein phosphatase 1 regulatory subunit 9A(PPP1R9A)","Homo sapiens"
"PPP2R5A","Q15172","","protein phosphatase 2 regulatory subunit B'alpha(PPP2R5A)","Homo sapiens"
"PPP2R5B","Q15173","","protein phosphatase 2 regulatory subunit B'beta(PPP2R5B)","Homo sapiens"
"PPP2R5E","Q16537","","protein phosphatase 2 regulatory subunit B'epsilon(PPP2R5E)","Homo sapiens"
"PPP3CB","P16298","","protein phosphatase 3 catalytic subunit beta(PPP3CB)","Homo sapiens"
"PPP5C","P53041","","protein phosphatase 5 catalytic subunit(PPP5C)","Homo sapiens"
"PPP6R2","O75170","","protein phosphatase 6 regulatory subunit 2(PPP6R2)","Homo sapiens"
"PRADC1","Q9BSG0","","protease associated domain containing 1(PRADC1)","Homo sapiens"
"PRCP","P42785","","prolylcarboxypeptidase(PRCP)","Homo sapiens"
"PRDM1","O75626","","PR/SET domain 1(PRDM1)","Homo sapiens"
"PREP","P48147","","prolyl endopeptidase(PREP)","Homo sapiens"
"PRKAB2","O43741","","protein kinase AMP-activated non-catalytic subunit beta 2(PRKAB2)","Homo sapiens"
"PRKCSH","P14314","","PRKCSH beta subunit of glucosidase II(PRKCSH)","Homo sapiens"
"PRKD2","Q9BZL6","","protein kinase D2(PRKD2)","Homo sapiens"
"PRODH","O43272","","proline dehydrogenase 1(PRODH)","Homo sapiens"
"PROM1","O43490","","prominin 1(PROM1)","Homo sapiens"
"PROM2","Q8N271","","prominin 2(PROM2)","Homo sapiens"
"PRORP","O15091","","protein only RNase P catalytic subunit(PRORP)","Homo sapiens"
"PRPF18","Q99633","","pre-mRNA processing factor 18(PRPF18)","Homo sapiens"
"PRPF40B","Q6NWY9","","pre-mRNA processing factor 40 homolog B(PRPF40B)","Homo sapiens"
"PRPH","P41219","","peripherin(PRPH)","Homo sapiens"
"PRR36","Q9H6K5","","proline rich 36(PRR36)","Homo sapiens"
"PRRC1","Q96M27","","proline rich coiled-coil 1(PRRC1)","Homo sapiens"
"PRXL2C","Q7RTV5","","peroxiredoxin like 2C(PRXL2C)","Homo sapiens"
"PSEN1","P49768","","presenilin 1(PSEN1)","Homo sapiens"
"PSEN2","P49810","","presenilin 2(PSEN2)","Homo sapiens"
"PSMB6","P28072","","proteasome 20S subunit beta 6(PSMB6)","Homo sapiens"
"PSMD1","Q99460","","proteasome 26S subunit, non-ATPase 1(PSMD1)","Homo sapiens"
"PSRC1","Q6PGN9","","proline and serine rich coiled-coil 1(PSRC1)","Homo sapiens"
"PTCD1","O75127","","pentatricopeptide repeat domain 1(PTCD1)","Homo sapiens"
"PTDSS2","Q9BVG9","","phosphatidylserine synthase 2(PTDSS2)","Homo sapiens"
"PTGES","O14684","","prostaglandin E synthase(PTGES)","Homo sapiens"
"PTGES2","Q9H7Z7","","prostaglandin E synthase 2(PTGES2)","Homo sapiens"
"PTGFRN","Q9P2B2","","prostaglandin F2 receptor inhibitor(PTGFRN)","Homo sapiens"
"PTGIS","Q16647","","prostaglandin I2 synthase(PTGIS)","Homo sapiens"
"PTGR2","Q8N8N7","","prostaglandin reductase 2(PTGR2)","Homo sapiens"
"PTGR3","Q8N4Q0","","prostaglandin reductase 3(PTGR3)","Homo sapiens"
"PTK6","Q13882","","protein tyrosine kinase 6(PTK6)","Homo sapiens"
"PTK7","Q13308","","protein tyrosine kinase 7 (inactive)(PTK7)","Homo sapiens"
"PTMA","P06454","","prothymosin alpha(PTMA)","Homo sapiens"
"PTMAP4","P06454","","prothymosin alpha pseudogene 4(PTMAP4)","Homo sapiens"
"PTOV1","Q86YD1","","PTOV1 extended AT-hook containing adaptor protein(PTOV1)","Homo sapiens"
"PTPN12","Q05209","","protein tyrosine phosphatase non-receptor type 12(PTPN12)","Homo sapiens"
"PTPN13","Q12923","","protein tyrosine phosphatase non-receptor type 13(PTPN13)","Homo sapiens"
"PTPN3","P26045","","protein tyrosine phosphatase non-receptor type 3(PTPN3)","Homo sapiens"
"PTPN9","P43378","","protein tyrosine phosphatase non-receptor type 9(PTPN9)","Homo sapiens"
"PTPRJ","Q12913","","protein tyrosine phosphatase receptor type J(PTPRJ)","Homo sapiens"
"PTPRK","Q15262","","protein tyrosine phosphatase receptor type K(PTPRK)","Homo sapiens"
"PTPRN2","Q92932","","protein tyrosine phosphatase receptor type N2(PTPRN2)","Homo sapiens"
"PTPRS","Q13332","","protein tyrosine phosphatase receptor type S(PTPRS)","Homo sapiens"
"PTRH2","Q9Y3E5","","peptidyl-tRNA hydrolase 2(PTRH2)","Homo sapiens"
"PXDNL","A1KZ92","","peroxidasin like(PXDNL)","Homo sapiens"
"PXMP2","Q9NR77","","peroxisomal membrane protein 2(PXMP2)","Homo sapiens"
"PYCR1","P32322","","pyrroline-5-carboxylate reductase 1(PYCR1)","Homo sapiens"
"PYGM","P11217","","glycogen phosphorylase, muscle associated(PYGM)","Homo sapiens"
"PYROXD2","Q8N2H3","","pyridine nucleotide-disulphide oxidoreductase domain 2(PYROXD2)","Homo sapiens"
"QDPR","P09417","","quinoid dihydropteridine reductase(QDPR)","Homo sapiens"
"QPCTL","Q9NXS2","","glutaminyl-peptide cyclotransferase like(QPCTL)","Homo sapiens"
"QRICH1","Q2TAL8","","glutamine rich 1(QRICH1)","Homo sapiens"
"R3HDM4","Q96D70","","R3H domain containing 4(R3HDM4)","Homo sapiens"
"RAB10","P61026","","RAB10, member RAS oncogene family(RAB10)","Homo sapiens"
"RAB11B","Q15907","","RAB11B, member RAS oncogene family(RAB11B)","Homo sapiens"
"RAB11FIP1","Q6WKZ4","","RAB11 family interacting protein 1(RAB11FIP1)","Homo sapiens"
"RAB11FIP2","Q7L804","","RAB11 family interacting protein 2(RAB11FIP2)","Homo sapiens"
"RAB11FIP4","Q86YS3","","RAB11 family interacting protein 4(RAB11FIP4)","Homo sapiens"
"RAB18","Q9NP72","","RAB18, member RAS oncogene family(RAB18)","Homo sapiens"
"RAB19","A4D1S5","","RAB19, member RAS oncogene family(RAB19)","Homo sapiens"
"RAB1A","P62820","","RAB1A, member RAS oncogene family(RAB1A)","Homo sapiens"
"RAB23","Q9ULC3","","RAB23, member RAS oncogene family(RAB23)","Homo sapiens"
"RAB27A","P51159","","RAB27A, member RAS oncogene family(RAB27A)","Homo sapiens"
"RAB27B","O00194","","RAB27B, member RAS oncogene family(RAB27B)","Homo sapiens"
"RAB2A","P61019","","RAB2A, member RAS oncogene family(RAB2A)","Homo sapiens"
"RAB39B","Q96DA2","","RAB39B, member RAS oncogene family(RAB39B)","Homo sapiens"
"RAB3A","P20336","","RAB3A, member RAS oncogene family(RAB3A)","Homo sapiens"
"RAB3B","P20337","","RAB3B, member RAS oncogene family(RAB3B)","Homo sapiens"
"RAB43","Q86YS6","","RAB43, member RAS oncogene family(RAB43)","Homo sapiens"
"RAB4A","P20338","","RAB4A, member RAS oncogene family(RAB4A)","Homo sapiens"
"RAB4B","P61018","","RAB4B, member RAS oncogene family(RAB4B)","Homo sapiens"
"RAB5A","P20339","","RAB5A, member RAS oncogene family(RAB5A)","Homo sapiens"
"RABEP2","Q9H5N1","","rabaptin, RAB GTPase binding effector protein 2(RABEP2)","Homo sapiens"
"RABGAP1","Q9Y3P9","","RAB GTPase activating protein 1(RABGAP1)","Homo sapiens"
"RABGAP1L","B7ZAP0,Q5R372","","RAB GTPase activating protein 1 like(RABGAP1L)","Homo sapiens"
"RAD18","Q9NS91","","RAD18 E3 ubiquitin protein ligase(RAD18)","Homo sapiens"
"RAD51","Q06609","","RAD51 recombinase(RAD51)","Homo sapiens"
"RAD54B","Q9Y620","","RAD54 homolog B(RAD54B)","Homo sapiens"
"RADIL","Q96JH8","","Rap associating with DIL domain(RADIL)","Homo sapiens"
"RALB","P11234","","RAS like proto-oncogene B(RALB)","Homo sapiens"
"RALGAPA2","Q2PPJ7","","Ral GTPase activating protein catalytic subunit alpha 2(RALGAPA2)","Homo sapiens"
"RALGPS2","Q86X27","","Ral GEF with PH domain and SH3 binding motif 2(RALGPS2)","Homo sapiens"
"RANBP10","Q6VN20","","RAN binding protein 10(RANBP10)","Homo sapiens"
"RANBP3","Q9H6Z4","","RAN binding protein 3(RANBP3)","Homo sapiens"
"RAP1B","P61224","","RAP1B, member of RAS oncogene family(RAP1B)","Homo sapiens"
"RAP1BL","A6NIZ1","","RAP1B like (pseudogene)(RAP1BL)","Homo sapiens"
"RAP2A","P10114","","RAP2A, member of RAS oncogene family(RAP2A)","Homo sapiens"
"RAPGEF2","Q9Y4G8","","Rap guanine nucleotide exchange factor 2(RAPGEF2)","Homo sapiens"
"RAPGEF6","Q8TEU7","","Rap guanine nucleotide exchange factor 6(RAPGEF6)","Homo sapiens"
"RARRES1","P49788","","retinoic acid receptor responder 1(RARRES1)","Homo sapiens"
"RARS2","Q5T160","","arginyl-tRNA synthetase 2, mitochondrial(RARS2)","Homo sapiens"
"RASA2","Q15283","","RAS p21 protein activator 2(RASA2)","Homo sapiens"
"RASA4","O43374","","RAS p21 protein activator 4(RASA4)","Homo sapiens"
"RASA4B","C9J798","","RAS p21 protein activator 4B(RASA4B)","Homo sapiens"
"RASAL2","Q9UJF2","","RAS protein activator like 2(RASAL2)","Homo sapiens"
"RASEF","Q8IZ41","","RAS and EF-hand domain containing(RASEF)","Homo sapiens"
"RBM12","Q9NTZ6","","RNA binding motif protein 12(RBM12)","Homo sapiens"
"RBM15B","Q8NDT2","","RNA binding motif protein 15B(RBM15B)","Homo sapiens"
"RBPJ","Q06330","","recombination signal binding protein for immunoglobulin kappa J region(RBPJ)","Homo sapiens"
"RBPMS","Q93062","","RNA binding protein, mRNA processing factor(RBPMS)","Homo sapiens"
"RBPMS2","Q6ZRY4","","RNA binding protein, mRNA processing factor 2(RBPMS2)","Homo sapiens"
"RCC1L","Q96I51","","RCC1 like(RCC1L)","Homo sapiens"
"RCN1","Q15293","","reticulocalbin 1(RCN1)","Homo sapiens"
"RCN2","Q14257","","reticulocalbin 2(RCN2)","Homo sapiens"
"RDH10","Q8IZV5","","retinol dehydrogenase 10(RDH10)","Homo sapiens"
"RDH13","Q8NBN7","","retinol dehydrogenase 13(RDH13)","Homo sapiens"
"RDH16","O75452","","retinol dehydrogenase 16(RDH16)","Homo sapiens"
"RECQL5","O94762","","RecQ like helicase 5(RECQL5)","Homo sapiens"
"REEP1","Q9H902","","receptor accessory protein 1(REEP1)","Homo sapiens"
"REEP3","Q6NUK4","","receptor accessory protein 3(REEP3)","Homo sapiens"
"REEP4","Q9H6H4","","receptor accessory protein 4(REEP4)","Homo sapiens"
"REEP5","Q00765","","receptor accessory protein 5(REEP5)","Homo sapiens"
"REEP6","Q96HR9","","receptor accessory protein 6(REEP6)","Homo sapiens"
"RERE","Q9P2R6","","arginine-glutamic acid dipeptide repeats(RERE)","Homo sapiens"
"RERG","Q96A58","","RAS like estrogen regulated growth inhibitor(RERG)","Homo sapiens"
"RETREG1","Q9H6L5","","reticulophagy regulator 1(RETREG1)","Homo sapiens"
"RETREG2","Q8NC44","","reticulophagy regulator family member 2(RETREG2)","Homo sapiens"
"RETREG3","Q86VR2","","reticulophagy regulator family member 3(RETREG3)","Homo sapiens"
"REX1BD","Q96EN9","","required for excision 1-B domain containing(REX1BD)","Homo sapiens"
"RFLNB","Q8N5W9","","refilin B(RFLNB)","Homo sapiens"
"RFX2","P48378","","regulatory factor X2(RFX2)","Homo sapiens"
"RFX3","P48380","","regulatory factor X3(RFX3)","Homo sapiens"
"RFX5","P48382","","regulatory factor X5(RFX5)","Homo sapiens"
"RGL2","O15211","","ral guanine nucleotide dissociation stimulator like 2(RGL2)","Homo sapiens"
"RGS12","O14924","","regulator of G protein signaling 12(RGS12)","Homo sapiens"
"RHBDD1","Q8TEB9","","rhomboid domain containing 1(RHBDD1)","Homo sapiens"
"RHBDF1","Q96CC6","","rhomboid 5 homolog 1(RHBDF1)","Homo sapiens"
"RHEB","Q15382","","Ras homolog, mTORC1 binding(RHEB)","Homo sapiens"
"RHOT1","Q8IXI2","","ras homolog family member T1(RHOT1)","Homo sapiens"
"RHPN1","Q8TCX5","","rhophilin Rho GTPase binding protein 1(RHPN1)","Homo sapiens"
"RIDA","P52758","","reactive intermediate imine deaminase A homolog(RIDA)","Homo sapiens"
"RING1","Q06587","","ring finger protein 1(RING1)","Homo sapiens"
"RIPK3","Q9Y572","","receptor interacting serine/threonine kinase 3(RIPK3)","Homo sapiens"
"RIPK4","P57078","","receptor interacting serine/threonine kinase 4(RIPK4)","Homo sapiens"
"RMDN2","Q96LZ7","","regulator of microtubule dynamics 2(RMDN2)","Homo sapiens"
"RMDN3","Q96TC7","","regulator of microtubule dynamics 3(RMDN3)","Homo sapiens"
"RMND1","Q9NWS8","","required for meiotic nuclear division 1 homolog(RMND1)","Homo sapiens"
"RNASEL","Q05823","","ribonuclease L(RNASEL)","Homo sapiens"
"RNF121","Q9H920","","ring finger protein 121(RNF121)","Homo sapiens"
"RNF123","Q5XPI4","","ring finger protein 123(RNF123)","Homo sapiens"
"RNF130","Q86XS8","","ring finger protein 130(RNF130)","Homo sapiens"
"RNF139","Q8WU17","","ring finger protein 139(RNF139)","Homo sapiens"
"RNFT1","Q5M7Z0","","ring finger protein, transmembrane 1(RNFT1)","Homo sapiens"
"RNFT2","Q96EX2","","ring finger protein, transmembrane 2(RNFT2)","Homo sapiens"
"RNMT","O43148","","RNA guanine-7 methyltransferase(RNMT)","Homo sapiens"
"ROBO2","Q9HCK4","","roundabout guidance receptor 2(ROBO2)","Homo sapiens"
"ROGDI","Q9GZN7","","rogdi atypical leucine zipper(ROGDI)","Homo sapiens"
"RPF2","Q9H7B2","","ribosome production factor 2 homolog(RPF2)","Homo sapiens"
"RPL14","P50914","","ribosomal protein L14(RPL14)","Homo sapiens"
"RPL15","P61313","","ribosomal protein L15(RPL15)","Homo sapiens"
"RPL26L1","Q9UNX3","","ribosomal protein L26 like 1(RPL26L1)","Homo sapiens"
"RPL7L1","Q6DKI1","","ribosomal protein L7 like 1(RPL7L1)","Homo sapiens"
"RPP40","O75818","","ribonuclease P/MRP subunit p40(RPP40)","Homo sapiens"
"RPS10","P46783","","ribosomal protein S10(RPS10)","Homo sapiens"
"RPS10P5","Q9NQ39","","ribosomal protein S10 pseudogene 5(RPS10P5)","Homo sapiens"
"RPS27A","P62979","","ribosomal protein S27a(RPS27A)","Homo sapiens"
"RPTOR","Q8N122","","regulatory associated protein of MTOR complex 1(RPTOR)","Homo sapiens"
"RPUSD3","Q6P087","","RNA pseudouridine synthase D3(RPUSD3)","Homo sapiens"
"RRAS","P10301","","RAS related(RRAS)","Homo sapiens"
"RRAS2","P62070","","RAS related 2(RRAS2)","Homo sapiens"
"RRP1","P56182","","ribosomal RNA processing 1(RRP1)","Homo sapiens"
"RRP12","Q5JTH9","","ribosomal RNA processing 12 homolog(RRP12)","Homo sapiens"
"RRP1B","Q14684","","ribosomal RNA processing 1B(RRP1B)","Homo sapiens"
"RRP7A","Q9Y3A4","","ribosomal RNA processing 7 homolog A(RRP7A)","Homo sapiens"
"RRP7BP","Q9NSQ0","","ribosomal RNA processing 7 homolog B, pseudogene(RRP7BP)","Homo sapiens"
"RTN1","Q16799","","reticulon 1(RTN1)","Homo sapiens"
"RTN2","O75298","","reticulon 2(RTN2)","Homo sapiens"
"RTN4IP1","Q8WWV3","","reticulon 4 interacting protein 1(RTN4IP1)","Homo sapiens"
"RUBCN","Q92622","","rubicon autophagy regulator(RUBCN)","Homo sapiens"
"RUFY2","Q8WXA3","","RUN and FYVE domain containing 2(RUFY2)","Homo sapiens"
"RUFY3","Q7L099","","RUN and FYVE domain containing 3(RUFY3)","Homo sapiens"
"RUNDC1","Q96C34","","RUN domain containing 1(RUNDC1)","Homo sapiens"
"RUNX1","Q01196","","RUNX family transcription factor 1(RUNX1)","Homo sapiens"
"RUNX1T1","Q06455","","RUNX1 partner transcriptional co-repressor 1(RUNX1T1)","Homo sapiens"
"RUSC1","Q9BVN2","","RUN and SH3 domain containing 1(RUSC1)","Homo sapiens"
"RUSF1","Q96GQ5","","RUS family member 1(RUSF1)","Homo sapiens"
"RXRA","P19793","","retinoid X receptor alpha(RXRA)","Homo sapiens"
"S100A11","P31949","","S100 calcium binding protein A11(S100A11)","Homo sapiens"
"S100A13","Q99584","","S100 calcium binding protein A13(S100A13)","Homo sapiens"
"S100A2","P29034","","S100 calcium binding protein A2(S100A2)","Homo sapiens"
"S100A8","P05109","","S100 calcium binding protein A8(S100A8)","Homo sapiens"
"S100A9","P06702","","S100 calcium binding protein A9(S100A9)","Homo sapiens"
"SARAF","Q96BY9","","store-operated calcium entry associated regulatory factor(SARAF)","Homo sapiens"
"SARDH","Q9UL12","","sarcosine dehydrogenase(SARDH)","Homo sapiens"
"SARS2","Q9NP81","","seryl-tRNA synthetase 2, mitochondrial(SARS2)","Homo sapiens"
"SAV1","Q9H4B6","","salvador family WW domain containing protein 1(SAV1)","Homo sapiens"
"SAYSD1","Q9NPB0","","SAYSVFN motif domain containing 1(SAYSD1)","Homo sapiens"
"SBF2","Q86WG5","","SET binding factor 2(SBF2)","Homo sapiens"
"SBNO1","A3KN83","","strawberry notch homolog 1(SBNO1)","Homo sapiens"
"SBNO2","Q9Y2G9","","strawberry notch homolog 2(SBNO2)","Homo sapiens"
"SCAP","Q12770","","SREBF chaperone(SCAP)","Homo sapiens"
"SCAPER","Q9BY12","","S-phase cyclin A associated protein in the ER(SCAPER)","Homo sapiens"
"SCARB2","Q14108","","scavenger receptor class B member 2(SCARB2)","Homo sapiens"
"SCD5","Q86SK9","","stearoyl-CoA desaturase 5(SCD5)","Homo sapiens"
"SCEL","O95171","","sciellin(SCEL)","Homo sapiens"
"SCGN","O76038","","secretagogin, EF-hand calcium binding protein(SCGN)","Homo sapiens"
"SCLY","Q96I15","","selenocysteine lyase(SCLY)","Homo sapiens"
"SCN7A","Q01118","","sodium voltage-gated channel alpha subunit 7(SCN7A)","Homo sapiens"
"SCRIB","Q14160","","scribble planar cell polarity protein(SCRIB)","Homo sapiens"
"SCUBE2","Q9NQ36","","signal peptide, CUB domain and EGF like domain containing 2(SCUBE2)","Homo sapiens"
"SCYL1","Q96KG9","","SCY1 like pseudokinase 1(SCYL1)","Homo sapiens"
"SDC1","P18827","","syndecan 1(SDC1)","Homo sapiens"
"SDC4","P31431","","syndecan 4(SDC4)","Homo sapiens"
"SDCBP2","Q9H190","","syndecan binding protein 2(SDCBP2)","Homo sapiens"
"SDF2L1","Q9HCN8","","stromal cell derived factor 2 like 1(SDF2L1)","Homo sapiens"
"SDHC","Q99643","","succinate dehydrogenase complex subunit C(SDHC)","Homo sapiens"
"SDHD","O14521","","succinate dehydrogenase complex subunit D(SDHD)","Homo sapiens"
"SDR39U1","Q9NRG7","","short chain dehydrogenase/reductase family 39U member 1(SDR39U1)","Homo sapiens"
"SEC14L2","O76054","","SEC14 like lipid binding 2(SEC14L2)","Homo sapiens"
"SEC14L3","Q03519,Q9UDX4","","SEC14 like lipid binding 3(SEC14L3)","Homo sapiens"
"SEC24D","O94855","","SEC24 homolog D, COPII coat complex component(SEC24D)","Homo sapiens"
"SEC61B","P60468","","SEC61 translocon subunit beta(SEC61B)","Homo sapiens"
"SELENOF","O60613","","selenoprotein F(SELENOF)","Homo sapiens"
"SELENOI","Q9C0D9","","selenoprotein I(SELENOI)","Homo sapiens"
"SELENOS","Q9BQE4","","selenoprotein S(SELENOS)","Homo sapiens"
"SEMA3C","Q99985","","semaphorin 3C(SEMA3C)","Homo sapiens"
"SEMA4B","Q9NPR2","","semaphorin 4B(SEMA4B)","Homo sapiens"
"SEPHS1","P49903","","selenophosphate synthetase 1(SEPHS1)","Homo sapiens"
"SEPHS2","Q99611","","selenophosphate synthetase 2(SEPHS2)","Homo sapiens"
"SERAC1","Q96JX3","","serine active site containing 1(SERAC1)","Homo sapiens"
"SERINC1","Q9NRX5","","serine incorporator 1(SERINC1)","Homo sapiens"
"SERPINB1","P30740","","serpin family B member 1(SERPINB1)","Homo sapiens"
"SERPINB13","Q9UIV8","","serpin family B member 13(SERPINB13)","Homo sapiens"
"SERPINB9","P50453","","serpin family B member 9(SERPINB9)","Homo sapiens"
"SERPINE1","P05121","","serpin family E member 1(SERPINE1)","Homo sapiens"
"SERPINE2","P07093","","serpin family E member 2(SERPINE2)","Homo sapiens"
"SERPINI1","Q99574","","serpin family I member 1(SERPINI1)","Homo sapiens"
"SEZ6L2","Q6UXD5","","seizure related 6 homolog like 2(SEZ6L2)","Homo sapiens"
"SFN","P31947","","stratifin(SFN)","Homo sapiens"
"SFXN5","Q8TD22","","sideroflexin 5(SFXN5)","Homo sapiens"
"SGSH","P51688","","N-sulfoglucosamine sulfohydrolase(SGSH)","Homo sapiens"
"SH3BP1","Q9Y3L3","","SH3 domain binding protein 1(SH3BP1)","Homo sapiens"
"SH3BP2","P78314","","SH3 domain binding protein 2(SH3BP2)","Homo sapiens"
"SH3BP5L","Q7L8J4","","SH3 binding domain protein 5 like(SH3BP5L)","Homo sapiens"
"SH3TC1","Q8TE82","","SH3 domain and tetratricopeptide repeats 1(SH3TC1)","Homo sapiens"
"SH3YL1","Q96HL8","","SH3 and SYLF domain containing 1(SH3YL1)","Homo sapiens"
"SHANK2","Q9UPX8","","SH3 and multiple ankyrin repeat domains 2(SHANK2)","Homo sapiens"
"SHOC2","Q9UQ13","","SHOC2 leucine rich repeat scaffold protein(SHOC2)","Homo sapiens"
"SHROOM3","Q8TF72","","shroom family member 3(SHROOM3)","Homo sapiens"
"SHROOM4","Q9ULL8","","shroom family member 4(SHROOM4)","Homo sapiens"
"SHTN1","A0MZ66","","shootin 1(SHTN1)","Homo sapiens"
"SIGMAR1","Q99720","","sigma non-opioid intracellular receptor 1(SIGMAR1)","Homo sapiens"
"SIK1","P57059","","salt inducible kinase 1(SIK1)","Homo sapiens"
"SIL1","Q9H173","","SIL1 nucleotide exchange factor(SIL1)","Homo sapiens"
"SIM2","Q14190","","SIM bHLH transcription factor 2(SIM2)","Homo sapiens"
"SIRT3","Q9NTG7","","sirtuin 3(SIRT3)","Homo sapiens"
"SLC12A4","Q9UP95","","solute carrier family 12 member 4(SLC12A4)","Homo sapiens"
"SLC12A6","Q9UHW9","","solute carrier family 12 member 6(SLC12A6)","Homo sapiens"
"SLC12A8","A0AV02","","solute carrier family 12 member 8(SLC12A8)","Homo sapiens"
"SLC16A1","P53985","","solute carrier family 16 member 1(SLC16A1)","Homo sapiens"
"SLC16A3","O15427","","solute carrier family 16 member 3(SLC16A3)","Homo sapiens"
"SLC1A5","Q15758","","solute carrier family 1 member 5(SLC1A5)","Homo sapiens"
"SLC25A12","O75746","","solute carrier family 25 member 12(SLC25A12)","Homo sapiens"
"SLC25A13","Q9UJS0","","solute carrier family 25 member 13(SLC25A13)","Homo sapiens"
"SLC25A16","P16260","","solute carrier family 25 member 16(SLC25A16)","Homo sapiens"
"SLC25A19","Q9HC21","","solute carrier family 25 member 19(SLC25A19)","Homo sapiens"
"SLC25A20","O43772","","solute carrier family 25 member 20(SLC25A20)","Homo sapiens"
"SLC25A25","Q6KCM7","","solute carrier family 25 member 25(SLC25A25)","Homo sapiens"
"SLC25A31","Q9H0C2","","solute carrier family 25 member 31(SLC25A31)","Homo sapiens"
"SLC25A35","Q3KQZ1","","solute carrier family 25 member 35(SLC25A35)","Homo sapiens"
"SLC25A4","P12235","","solute carrier family 25 member 4(SLC25A4)","Homo sapiens"
"SLC25A40","Q8TBP6","","solute carrier family 25 member 40(SLC25A40)","Homo sapiens"
"SLC25A44","Q96H78","","solute carrier family 25 member 44(SLC25A44)","Homo sapiens"
"SLC25A46","Q96AG3","","solute carrier family 25 member 46(SLC25A46)","Homo sapiens"
"SLC25A5","P05141","","solute carrier family 25 member 5(SLC25A5)","Homo sapiens"
"SLC25A6","P12236","","solute carrier family 25 member 6(SLC25A6)","Homo sapiens"
"SLC27A2","O14975","","solute carrier family 27 member 2(SLC27A2)","Homo sapiens"
"SLC27A3","Q5K4L6","","solute carrier family 27 member 3(SLC27A3)","Homo sapiens"
"SLC27A4","Q6P1M0","","solute carrier family 27 member 4(SLC27A4)","Homo sapiens"
"SLC2A10","O95528","","solute carrier family 2 member 10(SLC2A10)","Homo sapiens"
"SLC30A5","Q8TAD4","","solute carrier family 30 member 5(SLC30A5)","Homo sapiens"
"SLC30A9","Q6PML9","","solute carrier family 30 member 9(SLC30A9)","Homo sapiens"
"SLC33A1","O00400","","solute carrier family 33 member 1(SLC33A1)","Homo sapiens"
"SLC35A1","P78382","","solute carrier family 35 member A1(SLC35A1)","Homo sapiens"
"SLC35A4","L0R6Q1","","solute carrier family 35 member A4(SLC35A4)","Homo sapiens"
"SLC35E2B","P0CK96","","solute carrier family 35 member E2B(SLC35E2B)","Homo sapiens"
"SLC38A10","Q9HBR0","","solute carrier family 38 member 10(SLC38A10)","Homo sapiens"
"SLC39A10","Q9ULF5","","solute carrier family 39 member 10(SLC39A10)","Homo sapiens"
"SLC39A11","Q8N1S5","","solute carrier family 39 member 11(SLC39A11)","Homo sapiens"
"SLC39A6","Q13433","","solute carrier family 39 member 6(SLC39A6)","Homo sapiens"
"SLC41A3","Q96GZ6","","solute carrier family 41 member 3(SLC41A3)","Homo sapiens"
"SLC44A1","Q8WWI5","","solute carrier family 44 member 1(SLC44A1)","Homo sapiens"
"SLC44A2","Q8IWA5","","solute carrier family 44 member 2 (CTL2 blood group)(SLC44A2)","Homo sapiens"
"SLC4A10","Q6U841","","solute carrier family 4 member 10(SLC4A10)","Homo sapiens"
"SLC4A2","P04920","","solute carrier family 4 member 2(SLC4A2)","Homo sapiens"
"SLC4A3","P48751","","solute carrier family 4 member 3(SLC4A3)","Homo sapiens"
"SLC4A4","Q9Y6R1","","solute carrier family 4 member 4(SLC4A4)","Homo sapiens"
"SLC4A7","Q9Y6M7","","solute carrier family 4 member 7(SLC4A7)","Homo sapiens"
"SLC4A8","Q2Y0W8","","solute carrier family 4 member 8(SLC4A8)","Homo sapiens"
"SLC7A4","O43246","","solute carrier family 7 member 4(SLC7A4)","Homo sapiens"
"SLC9A1","P19634","","solute carrier family 9 member A1(SLC9A1)","Homo sapiens"
"SLC9A8","Q9Y2E8","","solute carrier family 9 member A8(SLC9A8)","Homo sapiens"
"SLITRK6","Q9H5Y7","","SLIT and NTRK like family member 6(SLITRK6)","Homo sapiens"
"SLU7","O95391","","SLU7 homolog, splicing factor(SLU7)","Homo sapiens"
"SLX4","Q8IY92","","SLX4 structure-specific endonuclease subunit(SLX4)","Homo sapiens"
"SMARCA1","P28370","","SNF2 related chromatin remodeling ATPase 1(SMARCA1)","Homo sapiens"
"SMARCA2","P51531","","SWI/SNF related BAF chromatin remodeling complex subunit ATPase 2(SMARCA2)","Homo sapiens"
"SMARCA4","P51532","","SWI/SNF related BAF chromatin remodeling complex subunit ATPase 4(SMARCA4)","Homo sapiens"
"SMARCAL1","Q9NZC9","","SNF2 related chromatin remodeling annealing helicase 1(SMARCAL1)","Homo sapiens"
"SMARCD1","Q96GM5","","SWI/SNF related BAF chromatin remodeling complex subunit D1(SMARCD1)","Homo sapiens"
"SMARCD3","Q6STE5","","SWI/SNF related BAF chromatin remodeling complex subunit D3(SMARCD3)","Homo sapiens"
"SMC1A","Q14683","","structural maintenance of chromosomes 1A(SMC1A)","Homo sapiens"
"SMC3","Q9UQE7","","structural maintenance of chromosomes 3(SMC3)","Homo sapiens"
"SNAPC4","Q5SXM2","","small nuclear RNA activating complex polypeptide 4(SNAPC4)","Homo sapiens"
"SNAPIN","O95295","","SNAP associated protein(SNAPIN)","Homo sapiens"
"SNCA","P37840","","synuclein alpha(SNCA)","Homo sapiens"
"SNCG","O76070","","synuclein gamma(SNCG)","Homo sapiens"
"SNTA1","Q13424","","syntrophin alpha 1(SNTA1)","Homo sapiens"
"SNW1","Q13573","","SNW domain containing 1(SNW1)","Homo sapiens"
"SNX12","Q9UMY4","","sorting nexin 12(SNX12)","Homo sapiens"
"SNX16","P57768","","sorting nexin 16(SNX16)","Homo sapiens"
"SNX19","Q92543","","sorting nexin 19(SNX19)","Homo sapiens"
"SNX21","Q969T3","","sorting nexin family member 21(SNX21)","Homo sapiens"
"SNX30","Q5VWJ9","","sorting nexin family member 30(SNX30)","Homo sapiens"
"SNX33","Q8WV41","","sorting nexin 33(SNX33)","Homo sapiens"
"SNX4","O95219","","sorting nexin 4(SNX4)","Homo sapiens"
"SNX7","Q9UNH6","","sorting nexin 7(SNX7)","Homo sapiens"
"SNX8","Q9Y5X2","","sorting nexin 8(SNX8)","Homo sapiens"
"SOCS6","O14544","","suppressor of cytokine signaling 6(SOCS6)","Homo sapiens"
"SORBS1","Q9BX66","","sorbin and SH3 domain containing 1(SORBS1)","Homo sapiens"
"SORT1","Q99523","","sortilin 1(SORT1)","Homo sapiens"
"SOS1","Q07889","","SOS Ras/Rac guanine nucleotide exchange factor 1(SOS1)","Homo sapiens"
"SOS2","Q07890","","SOS Ras/Rho guanine nucleotide exchange factor 2(SOS2)","Homo sapiens"
"SOWAHB","A6NEL2","","sosondowah ankyrin repeat domain family member B(SOWAHB)","Homo sapiens"
"SOWAHC","Q53LP3","","sosondowah ankyrin repeat domain family member C(SOWAHC)","Homo sapiens"
"SOX15","O60248","","SRY-box transcription factor 15(SOX15)","Homo sapiens"
"SOX7","Q9BT81","","SRY-box transcription factor 7(SOX7)","Homo sapiens"
"SP6","Q3SY56","","Sp6 transcription factor(SP6)","Homo sapiens"
"SPAG9","O60271","","sperm associated antigen 9(SPAG9)","Homo sapiens"
"SPATA20","Q8TB22","","spermatogenesis associated 20(SPATA20)","Homo sapiens"
"SPG11","Q96JI7","","SPG11 vesicle trafficking associated, spatacsin(SPG11)","Homo sapiens"
"SPG7","Q9UQ90","","SPG7 matrix AAA peptidase subunit, paraplegin(SPG7)","Homo sapiens"
"SPHK2","Q9NRA0","","sphingosine kinase 2(SPHK2)","Homo sapiens"
"SPIN1","Q9Y657","","spindlin 1(SPIN1)","Homo sapiens"
"SPIN3","Q5JUX0","","spindlin family member 3(SPIN3)","Homo sapiens"
"SPINT1","O43278","","serine peptidase inhibitor, Kunitz type 1(SPINT1)","Homo sapiens"
"SPNS1","Q9H2V7","","SPNS lysolipid transporter 1, lysophospholipid(SPNS1)","Homo sapiens"
"SPRYD3","Q8NCJ5","","SPRY domain containing 3(SPRYD3)","Homo sapiens"
"SPTB","P11277","","spectrin beta, erythrocytic(SPTB)","Homo sapiens"
"SPTBN4","Q9H254","","spectrin beta, non-erythrocytic 4(SPTBN4)","Homo sapiens"
"SPTLC2","O15270","","serine palmitoyltransferase long chain base subunit 2(SPTLC2)","Homo sapiens"
"SRBD1","Q8N5C6","","S1 RNA binding domain 1(SRBD1)","Homo sapiens"
"SRCIN1","Q9C0H9","","SRC kinase signaling inhibitor 1(SRCIN1)","Homo sapiens"
"SREBF1","P36956","","sterol regulatory element binding transcription factor 1(SREBF1)","Homo sapiens"
"SRGAP3","O43295","","SLIT-ROBO Rho GTPase activating protein 3(SRGAP3)","Homo sapiens"
"SRSF1","Q07955","","serine and arginine rich splicing factor 1(SRSF1)","Homo sapiens"
"SRSF10","O75494","","serine and arginine rich splicing factor 10(SRSF10)","Homo sapiens"
"SRSF4","Q08170","","serine and arginine rich splicing factor 4(SRSF4)","Homo sapiens"
"SRSF9","Q13242","","serine and arginine rich splicing factor 9(SRSF9)","Homo sapiens"
"SSBP1","Q04837","","single stranded DNA binding protein 1(SSBP1)","Homo sapiens"
"SSH3","Q8TE77","","slingshot protein phosphatase 3(SSH3)","Homo sapiens"
"SSX1","Q16384","","SSX family member 1(SSX1)","Homo sapiens"
"ST14","Q9Y5Y6","","ST14 transmembrane serine protease matriptase(ST14)","Homo sapiens"
"ST20-MTHFS","P49914","","ST20-MTHFS readthrough(ST20-MTHFS)","Homo sapiens"
"ST3GAL1","Q11201","","ST3 beta-galactoside alpha-2,3-sialyltransferase 1(ST3GAL1)","Homo sapiens"
"ST3GAL4","Q11206","","ST3 beta-galactoside alpha-2,3-sialyltransferase 4(ST3GAL4)","Homo sapiens"
"ST6GAL1","P15907","","ST6 beta-galactoside alpha-2,6-sialyltransferase 1(ST6GAL1)","Homo sapiens"
"ST7","Q9NRC1","","suppression of tumorigenicity 7(ST7)","Homo sapiens"
"STARD3","Q14849","","StAR related lipid transfer domain containing 3(STARD3)","Homo sapiens"
"STEAP2","Q8NFT2","","STEAP2 metalloreductase(STEAP2)","Homo sapiens"
"STEAP4","Q687X5","","STEAP4 metalloreductase(STEAP4)","Homo sapiens"
"STIM2","Q9P246","","stromal interaction molecule 2(STIM2)","Homo sapiens"
"STK16","O75716","","serine/threonine kinase 16(STK16)","Homo sapiens"
"STK4","Q13043","","serine/threonine kinase 4(STK4)","Homo sapiens"
"STOML1","Q9UBI4","","stomatin like 1(STOML1)","Homo sapiens"
"STOML2","Q9UJZ1","","stomatin like 2(STOML2)","Homo sapiens"
"STON2","Q8WXE9","","stonin 2(STON2)","Homo sapiens"
"STRIP1","Q5VSL9","","striatin interacting protein 1(STRIP1)","Homo sapiens"
"STX16","O14662","","syntaxin 16(STX16)","Homo sapiens"
"STX17","P56962","","syntaxin 17(STX17)","Homo sapiens"
"STX3","Q13277","","syntaxin 3(STX3)","Homo sapiens"
"STX4","Q12846","","syntaxin 4(STX4)","Homo sapiens"
"STX7","O15400","","syntaxin 7(STX7)","Homo sapiens"
"STXBP4","Q6ZWJ1","","syntaxin binding protein 4(STXBP4)","Homo sapiens"
"STXBP5","Q5T5C0","","syntaxin binding protein 5(STXBP5)","Homo sapiens"
"SUMF2","Q8NBJ7","","sulfatase modifying factor 2(SUMF2)","Homo sapiens"
"SUMO2","P61956","","small ubiquitin like modifier 2(SUMO2)","Homo sapiens"
"SUMO3","P55854","","small ubiquitin like modifier 3(SUMO3)","Homo sapiens"
"SUMO4","Q6EEV6","","small ubiquitin like modifier 4(SUMO4)","Homo sapiens"
"SUPT20H","Q8NEM7","","SPT20 homolog, SAGA complex component(SUPT20H)","Homo sapiens"
"SUPT7L","O94864","","SPT7 like, STAGA complex subunit gamma(SUPT7L)","Homo sapiens"
"SURF2","Q15527","","surfeit 2(SURF2)","Homo sapiens"
"SUSD2","Q9UGT4","","sushi domain containing 2(SUSD2)","Homo sapiens"
"SYNCRIP","O60506","","synaptotagmin binding cytoplasmic RNA interacting protein(SYNCRIP)","Homo sapiens"
"SYNE1","Q8NF91","","spectrin repeat containing nuclear envelope protein 1(SYNE1)","Homo sapiens"
"SYNJ2BP","P57105","","synaptojanin 2 binding protein(SYNJ2BP)","Homo sapiens"
"SYTL1","Q8IYJ3","","synaptotagmin like 1(SYTL1)","Homo sapiens"
"SYTL2","Q9HCH5","","synaptotagmin like 2(SYTL2)","Homo sapiens"
"SYTL4","Q96C24","","synaptotagmin like 4(SYTL4)","Homo sapiens"
"SYTL5","Q8TDW5","","synaptotagmin like 5(SYTL5)","Homo sapiens"
"TACC2","O95359","","transforming acidic coiled-coil containing protein 2(TACC2)","Homo sapiens"
"TACSTD2","P09758","","tumor associated calcium signal transducer 2(TACSTD2)","Homo sapiens"
"TADA2B","Q86TJ2","","transcriptional adaptor 2B(TADA2B)","Homo sapiens"
"TADA3","O75528","","transcriptional adaptor 3(TADA3)","Homo sapiens"
"TAF4","O00268","","TATA-box binding protein associated factor 4(TAF4)","Homo sapiens"
"TAF6","P49848","","TATA-box binding protein associated factor 6(TAF6)","Homo sapiens"
"TAF9B","Q9HBM6","","TATA-box binding protein associated factor 9b(TAF9B)","Homo sapiens"
"TAGLN","Q01995","","transgelin(TAGLN)","Homo sapiens"
"TAMM41","Q96BW9","","TAM41 mitochondrial translocator assembly and maintenance homolog(TAMM41)","Homo sapiens"
"TANGO2","Q6ICL3","","transport and golgi organization 2 homolog(TANGO2)","Homo sapiens"
"TAOK2","Q9UL54","","TAO kinase 2(TAOK2)","Homo sapiens"
"TAP2","Q03519","","transporter 2, ATP binding cassette subfamily B member(TAP2)","Homo sapiens"
"TAPBP","O15533","","TAP binding protein(TAPBP)","Homo sapiens"
"TAPBPL","Q9BX59","","TAP binding protein like(TAPBPL)","Homo sapiens"
"TAPT1","Q6NXT6","","transmembrane anterior posterior transformation 1(TAPT1)","Homo sapiens"
"TARS1","P26639","","threonyl-tRNA synthetase 1(TARS1)","Homo sapiens"
"TARS3","A2RTX5","","threonyl-tRNA synthetase 3(TARS3)","Homo sapiens"
"TAX1BP1","Q86VP1","","Tax1 binding protein 1(TAX1BP1)","Homo sapiens"
"TAX1BP3","O14907","","Tax1 binding protein 3(TAX1BP3)","Homo sapiens"
"TBC1D10B","Q4KMP7","","TBC1 domain family member 10B(TBC1D10B)","Homo sapiens"
"TBC1D17","Q9HA65","","TBC1 domain family member 17(TBC1D17)","Homo sapiens"
"TBC1D20","Q96BZ9","","TBC1 domain family member 20(TBC1D20)","Homo sapiens"
"TBC1D22A","Q8WUA7","","TBC1 domain family member 22A(TBC1D22A)","Homo sapiens"
"TBC1D23","Q9NUY8","","TBC1 domain family member 23(TBC1D23)","Homo sapiens"
"TBC1D8B","Q0IIM8","","TBC1 domain family member 8B(TBC1D8B)","Homo sapiens"
"TBCC","Q15814","","tubulin folding cofactor C(TBCC)","Homo sapiens"
"TBCK","Q8TEA7","","TBC1 domain containing kinase(TBCK)","Homo sapiens"
"TBL1X","O60907","","transducin beta like 1 X-linked(TBL1X)","Homo sapiens"
"TBL1XR1","Q9BZK7","","TBL1X/Y related 1(TBL1XR1)","Homo sapiens"
"TBL1Y","Q9BQ87","","transducin beta like 1 Y-linked(TBL1Y)","Homo sapiens"
"TBRG4","Q969Z0","","transforming growth factor beta regulator 4(TBRG4)","Homo sapiens"
"TBX21","Q9UL17","","T-box transcription factor 21(TBX21)","Homo sapiens"
"TBX3","O15119","","T-box transcription factor 3(TBX3)","Homo sapiens"
"TBXAS1","P24557","","thromboxane A synthase 1(TBXAS1)","Homo sapiens"
"TCAF2","A6NFQ2","","TRPM8 channel associated factor 2(TCAF2)","Homo sapiens"
"TCEAL2","Q9H3H9","","transcription elongation factor A like 2(TCEAL2)","Homo sapiens"
"TCEAL4","Q96EI5","","transcription elongation factor A like 4(TCEAL4)","Homo sapiens"
"TCF7L1","Q9HCS4","","transcription factor 7 like 1(TCF7L1)","Homo sapiens"
"TCIRG1","Q13488","","T cell immune regulator 1, ATPase H+ transporting V0 subunit a3(TCIRG1)","Homo sapiens"
"TCOF1","Q13428","","treacle ribosome biogenesis factor 1(TCOF1)","Homo sapiens"
"TDRD6","O60522","","tudor domain containing 6(TDRD6)","Homo sapiens"
"TECPR2","O15040","","tectonin beta-propeller repeat containing 2(TECPR2)","Homo sapiens"
"TEP1","Q99973","","telomerase associated protein 1(TEP1)","Homo sapiens"
"TES","Q9UGI8","","testin LIM domain protein(TES)","Homo sapiens"
"TESK1","Q15569","","testis associated actin remodelling kinase 1(TESK1)","Homo sapiens"
"TEX10","Q9NXF1","","testis expressed 10(TEX10)","Homo sapiens"
"TFAP2A","P05549","","transcription factor AP-2 alpha(TFAP2A)","Homo sapiens"
"TFAP2B","Q92481","","transcription factor AP-2 beta(TFAP2B)","Homo sapiens"
"TFAP2E","Q6VUC0","","transcription factor AP-2 epsilon(TFAP2E)","Homo sapiens"
"TFCP2","Q12800","","transcription factor CP2(TFCP2)","Homo sapiens"
"TFCP2L1","Q9NZI6","","transcription factor CP2 like 1(TFCP2L1)","Homo sapiens"
"TFDP1","Q14186","","transcription factor Dp-1(TFDP1)","Homo sapiens"
"TFEB","P19484","","transcription factor EB(TFEB)","Homo sapiens"
"TFPI","P10646","","tissue factor pathway inhibitor(TFPI)","Homo sapiens"
"TFRC","P02786","","transferrin receptor(TFRC)","Homo sapiens"
"TGFBRAP1","Q8WUH2","","transforming growth factor beta receptor associated protein 1(TGFBRAP1)","Homo sapiens"
"TGOLN2","O43493","","trans-golgi network protein 2(TGOLN2)","Homo sapiens"
"THBS2","P35442","","thrombospondin 2(THBS2)","Homo sapiens"
"THBS4","P35443","","thrombospondin 4(THBS4)","Homo sapiens"
"THEMIS2","Q5TEJ8","","thymocyte selection associated family member 2(THEMIS2)","Homo sapiens"
"THOP1","P52888","","thimet oligopeptidase 1(THOP1)","Homo sapiens"
"THRAP3","Q9Y2W1","","thyroid hormone receptor associated protein 3(THRAP3)","Homo sapiens"
"THSD4","Q6ZMP0","","thrombospondin type 1 domain containing 4(THSD4)","Homo sapiens"
"TIMM10","P62072","","translocase of inner mitochondrial membrane 10(TIMM10)","Homo sapiens"
"TIMM9","Q9Y5J7","","translocase of inner mitochondrial membrane 9(TIMM9)","Homo sapiens"
"TINAGL1","Q9GZM7","","tubulointerstitial nephritis antigen like 1(TINAGL1)","Homo sapiens"
"TJP3","O95049","","tight junction protein 3(TJP3)","Homo sapiens"
"TK1","O00142","","thymidine kinase 1(TK1)","Homo sapiens"
"TK2","O00142","","thymidine kinase 2(TK2)","Homo sapiens"
"TKFC","Q3LXA3","","triokinase and FMN cyclase(TKFC)","Homo sapiens"
"TKT","P29401","","transketolase(TKT)","Homo sapiens"
"TLK1","Q9UKI8","","tousled like kinase 1(TLK1)","Homo sapiens"
"TM7SF2","O76062","","transmembrane 7 superfamily member 2(TM7SF2)","Homo sapiens"
"TM9SF4","Q92544","","transmembrane 9 superfamily member 4(TM9SF4)","Homo sapiens"
"TMBIM6","P55061","","transmembrane BAX inhibitor motif containing 6(TMBIM6)","Homo sapiens"
"TMC4","Q7Z404","","transmembrane channel like 4(TMC4)","Homo sapiens"
"TMCC1","O94876","","transmembrane and coiled-coil domain family 1(TMCC1)","Homo sapiens"
"TMCC3","Q9ULS5","","transmembrane and coiled-coil domain family 3(TMCC3)","Homo sapiens"
"TMCO3","Q6UWJ1","","transmembrane and coiled-coil domains 3(TMCO3)","Homo sapiens"
"TMCO4","Q5TGY1","","transmembrane and coiled-coil domains 4(TMCO4)","Homo sapiens"
"TMED1","Q13445","","transmembrane p24 trafficking protein 1(TMED1)","Homo sapiens"
"TMEM115","Q12893","","transmembrane protein 115(TMEM115)","Homo sapiens"
"TMEM120A","Q9BXJ8","","transmembrane protein 120A(TMEM120A)","Homo sapiens"
"TMEM120B","A0PK00","","transmembrane protein 120B(TMEM120B)","Homo sapiens"
"TMEM132A","Q24JP5","","transmembrane protein 132A(TMEM132A)","Homo sapiens"
"TMEM134","Q9H6X4","","transmembrane protein 134(TMEM134)","Homo sapiens"
"TMEM135","Q86UB9","","transmembrane protein 135(TMEM135)","Homo sapiens"
"TMEM161B","Q8NDZ6","","transmembrane protein 161B(TMEM161B)","Homo sapiens"
"TMEM165","Q9HC07","","transmembrane protein 165(TMEM165)","Homo sapiens"
"TMEM168","Q9H0V1","","transmembrane protein 168(TMEM168)","Homo sapiens"
"TMEM205","Q6UW68","","transmembrane protein 205(TMEM205)","Homo sapiens"
"TMEM214","Q6NUQ4","","transmembrane protein 214(TMEM214)","Homo sapiens"
"TMEM222","Q9H0R3","","transmembrane protein 222(TMEM222)","Homo sapiens"
"TMEM223","A0PJW6","","transmembrane protein 223(TMEM223)","Homo sapiens"
"TMEM245","Q9H330","","transmembrane protein 245(TMEM245)","Homo sapiens"
"TMEM260","Q9NX78","","transmembrane protein 260(TMEM260)","Homo sapiens"
"TMEM30A","Q9NV96","","transmembrane protein 30A(TMEM30A)","Homo sapiens"
"TMEM30B","Q3MIR4","","transmembrane protein 30B(TMEM30B)","Homo sapiens"
"TMEM43","Q9BTV4","","transmembrane protein 43(TMEM43)","Homo sapiens"
"TMEM45B","Q96B21","","transmembrane protein 45B(TMEM45B)","Homo sapiens"
"TMEM62","Q0P6H9","","transmembrane protein 62(TMEM62)","Homo sapiens"
"TMEM63B","Q5T3F8","","transmembrane protein 63B(TMEM63B)","Homo sapiens"
"TMEM63C","Q9P1W3","","transmembrane protein 63C(TMEM63C)","Homo sapiens"
"TMEM64","Q6YI46","","transmembrane protein 64(TMEM64)","Homo sapiens"
"TMEM65","Q6PI78","","transmembrane protein 65(TMEM65)","Homo sapiens"
"TMEM87A","Q8NBN3","","transmembrane protein 87A(TMEM87A)","Homo sapiens"
"TMLHE","Q9NVH6","","trimethyllysine hydroxylase, epsilon(TMLHE)","Homo sapiens"
"TMOD1","P28289","","tropomodulin 1(TMOD1)","Homo sapiens"
"TMOD2","Q9NZR1","","tropomodulin 2(TMOD2)","Homo sapiens"
"TMT1A","Q9H8H3","","thiol methyltransferase 1A(TMT1A)","Homo sapiens"
"TMUB1","Q9BVT8","","transmembrane and ubiquitin like domain containing 1(TMUB1)","Homo sapiens"
"TNFRSF1B","P20333","","TNF receptor superfamily member 1B(TNFRSF1B)","Homo sapiens"
"TNK1","Q13470","","tyrosine kinase non receptor 1(TNK1)","Homo sapiens"
"TNS3","Q68CZ2","","tensin 3(TNS3)","Homo sapiens"
"TNS4","Q8IZW8","","tensin 4(TNS4)","Homo sapiens"
"TOM1L2","Q6ZVM7","","target of myb1 like 2 membrane trafficking protein(TOM1L2)","Homo sapiens"
"TOMM40L","Q969M1","","translocase of outer mitochondrial membrane 40 like(TOMM40L)","Homo sapiens"
"TOP1","P11387","","DNA topoisomerase I(TOP1)","Homo sapiens"
"TOP1MT","Q969P6","","DNA topoisomerase I mitochondrial(TOP1MT)","Homo sapiens"
"TOPORS","Q9NS56","","TOP1 binding arginine/serine rich protein, E3 ubiquitin ligase(TOPORS)","Homo sapiens"
"TOR1A","O14656","","torsin family 1 member A(TOR1A)","Homo sapiens"
"TOR2A","Q5JU69,Q8N2E6","","torsin family 2 member A(TOR2A)","Homo sapiens"
"TP53I11","O14683","","tumor protein p53 inducible protein 11(TP53I11)","Homo sapiens"
"TP53I3","Q53FA7","","tumor protein p53 inducible protein 3(TP53I3)","Homo sapiens"
"TP63","Q9H3D4","","tumor protein p63(TP63)","Homo sapiens"
"TP73","O15350","","tumor protein p73(TP73)","Homo sapiens"
"TPBG","Q13641","","trophoblast glycoprotein(TPBG)","Homo sapiens"
"TPM1","P09493","","tropomyosin 1(TPM1)","Homo sapiens"
"TPM3","P09493","","tropomyosin 3(TPM3)","Homo sapiens"
"TPMT","P51580","","thiopurine S-methyltransferase(TPMT)","Homo sapiens"
"TPP1","O14773","","tripeptidyl peptidase 1(TPP1)","Homo sapiens"
"TPRG1","Q6ZUI0","","tumor protein p63 regulated 1(TPRG1)","Homo sapiens"
"TPRN","Q4KMQ1","","taperin(TPRN)","Homo sapiens"
"TPST1","O60507","","tyrosylprotein sulfotransferase 1(TPST1)","Homo sapiens"
"TRA2A","Q13595","","transformer 2 alpha homolog(TRA2A)","Homo sapiens"
"TRA2B","P62995","","transformer 2 beta homolog(TRA2B)","Homo sapiens"
"TRABD","Q9H4I3","","TraB domain containing(TRABD)","Homo sapiens"
"TRAF2","Q12933","","TNF receptor associated factor 2(TRAF2)","Homo sapiens"
"TRAM2","Q15035","","translocation associated membrane protein 2(TRAM2)","Homo sapiens"
"TRAPPC10","P48553","","trafficking protein particle complex subunit 10(TRAPPC10)","Homo sapiens"
"TRAPPC14","Q8WVR3","","trafficking protein particle complex subunit 14(TRAPPC14)","Homo sapiens"
"TRAPPC2","P0DI81","","trafficking protein particle complex subunit 2(TRAPPC2)","Homo sapiens"
"TRAPPC2B","P0DI82","","trafficking protein particle complex subunit 2B(TRAPPC2B)","Homo sapiens"
"TRAPPC4","Q9Y296","","trafficking protein particle complex subunit 4(TRAPPC4)","Homo sapiens"
"TRIB1","Q96RU8","","tribbles pseudokinase 1(TRIB1)","Homo sapiens"
"TRIM13","O60858","","tripartite motif containing 13(TRIM13)","Homo sapiens"
"TRIM2","Q9C040","","tripartite motif containing 2(TRIM2)","Homo sapiens"
"TRIM23","P36406","","tripartite motif containing 23(TRIM23)","Homo sapiens"
"TRIM31","Q9BZY9","","tripartite motif containing 31(TRIM31)","Homo sapiens"
"TRPM4","Q8TD43","","transient receptor potential cation channel subfamily M member 4(TRPM4)","Homo sapiens"
"TRPM7","Q96QT4","","transient receptor potential cation channel subfamily M member 7(TRPM7)","Homo sapiens"
"TRPV2","Q9Y5S1","","transient receptor potential cation channel subfamily V member 2(TRPV2)","Homo sapiens"
"TRPV4","Q9HBA0","","transient receptor potential cation channel subfamily V member 4(TRPV4)","Homo sapiens"
"TSC22D4","Q9Y3Q8","","TSC22 domain family member 4(TSC22D4)","Homo sapiens"
"TSFM","P43897","","Ts translation elongation factor, mitochondrial(TSFM)","Homo sapiens"
"TSKU","Q8WUA8","","tsukushi, small leucine rich proteoglycan(TSKU)","Homo sapiens"
"TSPO","P30536","","translocator protein(TSPO)","Homo sapiens"
"TTC17","Q96AE7","","tetratricopeptide repeat domain 17(TTC17)","Homo sapiens"
"TTC21A","Q8NDW8","","tetratricopeptide repeat domain 21A(TTC21A)","Homo sapiens"
"TTC22","Q5TAA0","","tetratricopeptide repeat domain 22(TTC22)","Homo sapiens"
"TTC39B","Q5VTQ0","","tetratricopeptide repeat domain 39B(TTC39B)","Homo sapiens"
"TTC7A","Q9ULT0","","tetratricopeptide repeat domain 7A(TTC7A)","Homo sapiens"
"TTC7B","Q86TV6","","tetratricopeptide repeat domain 7B(TTC7B)","Homo sapiens"
"TTC9","Q92623","","tetratricopeptide repeat domain 9(TTC9)","Homo sapiens"
"TUBB2A","Q13885","","tubulin beta 2A class IIa(TUBB2A)","Homo sapiens"
"TUBB2B","Q9BVA1","","tubulin beta 2B class IIb(TUBB2B)","Homo sapiens"
"TUBB4B","P68371","","tubulin beta 4B class IVb(TUBB4B)","Homo sapiens"
"TUFM","P49411","","Tu translation elongation factor, mitochondrial(TUFM)","Homo sapiens"
"TULP3","O75386","","TUB like protein 3(TULP3)","Homo sapiens"
"TUSC3","Q13454","","tumor suppressor candidate 3(TUSC3)","Homo sapiens"
"TVP23B","Q96ET8,Q9NYZ1","","trans-golgi network vesicle protein 23 homolog B(TVP23B)","Homo sapiens"
"TVP23C","Q96ET8,Q9NYZ1","","trans-golgi network vesicle protein 23 homolog C(TVP23C)","Homo sapiens"
"TWNK","Q96RR1","","twinkle mtDNA helicase(TWNK)","Homo sapiens"
"TXNDC11","Q6PKC3","","thioredoxin domain containing 11(TXNDC11)","Homo sapiens"
"TXNRD2","Q9NNW7","","thioredoxin reductase 2(TXNRD2)","Homo sapiens"
"TXNRD3","Q86VQ6","","thioredoxin reductase 3(TXNRD3)","Homo sapiens"
"TYMS","P04818","","thymidylate synthetase(TYMS)","Homo sapiens"
"TYW1","Q9NV66","","tRNA-yW synthesizing protein 1 homolog(TYW1)","Homo sapiens"
"TYW1B","Q6NUM6","","tRNA-yW synthesizing protein 1 homolog B(TYW1B)","Homo sapiens"
"UAP1L1","Q3KQV9","","UDP-N-acetylglucosamine pyrophosphorylase 1 like 1(UAP1L1)","Homo sapiens"
"UBA2","Q9UBT2","","ubiquitin like modifier activating enzyme 2(UBA2)","Homo sapiens"
"UBA7","P41226","","ubiquitin like modifier activating enzyme 7(UBA7)","Homo sapiens"
"UBAC1","Q9BSL1","","UBA domain containing 1(UBAC1)","Homo sapiens"
"UBE2F","Q969M7","","ubiquitin conjugating enzyme E2 F (putative)(UBE2F)","Homo sapiens"
"UBE2H","P62256","","ubiquitin conjugating enzyme E2 H(UBE2H)","Homo sapiens"
"UBE2L3","P68036","","ubiquitin conjugating enzyme E2 L3(UBE2L3)","Homo sapiens"
"UBE2L5","A0A1B0GUS4","","ubiquitin conjugating enzyme E2 L5(UBE2L5)","Homo sapiens"
"UBN2","Q6ZU65","","ubinuclein 2(UBN2)","Homo sapiens"
"UBQLN1","Q9UMX0","","ubiquilin 1(UBQLN1)","Homo sapiens"
"UBXN8","O00124","","UBX domain protein 8(UBXN8)","Homo sapiens"
"UCK2","Q9BZX2","","uridine-cytidine kinase 2(UCK2)","Homo sapiens"
"UEVLD","Q8IX04","","UEV and lactate/malate dehyrogenase domains(UEVLD)","Homo sapiens"
"UGT1A1","P22309","","UDP glucuronosyltransferase family 1 member A1(UGT1A1)","Homo sapiens"
"UGT1A10","Q9HAW8","","UDP glucuronosyltransferase family 1 member A10(UGT1A10)","Homo sapiens"
"UGT1A3","P35503","","UDP glucuronosyltransferase family 1 member A3(UGT1A3)","Homo sapiens"
"UGT1A4","P22310","","UDP glucuronosyltransferase family 1 member A4(UGT1A4)","Homo sapiens"
"UGT1A5","P35504","","UDP glucuronosyltransferase family 1 member A5(UGT1A5)","Homo sapiens"
"UGT1A6","P19224","","UDP glucuronosyltransferase family 1 member A6(UGT1A6)","Homo sapiens"
"UGT1A7","Q9HAW7","","UDP glucuronosyltransferase family 1 member A7(UGT1A7)","Homo sapiens"
"UGT1A8","Q9HAW9","","UDP glucuronosyltransferase family 1 member A8(UGT1A8)","Homo sapiens"
"UGT1A9","O60656","","UDP glucuronosyltransferase family 1 member A9(UGT1A9)","Homo sapiens"
"ULK3","Q6PHR2","","unc-51 like kinase 3(ULK3)","Homo sapiens"
"UNC93B1","Q9H1C4","","unc-93 homolog B1, TLR signaling regulator(UNC93B1)","Homo sapiens"
"UNK","Q9C0B0","","unk zinc finger(UNK)","Homo sapiens"
"UPF3A","Q9H1J1","","UPF3A regulator of nonsense mediated mRNA decay(UPF3A)","Homo sapiens"
"UPK1A","O00322","","uroplakin 1A(UPK1A)","Homo sapiens"
"UQCC1","Q9NVA1","","ubiquinol-cytochrome c reductase complex assembly factor 1(UQCC1)","Homo sapiens"
"UQCC2","Q9BRT2","","ubiquinol-cytochrome c reductase complex assembly factor 2(UQCC2)","Homo sapiens"
"UQCRB","P14927","","ubiquinol-cytochrome c reductase binding protein(UQCRB)","Homo sapiens"
"UQCRQ","O14949","","ubiquinol-cytochrome c reductase complex III subunit VII(UQCRQ)","Homo sapiens"
"URB2","Q14146","","URB2 ribosome biogenesis homolog(URB2)","Homo sapiens"
"USP20","Q9Y2K6","","ubiquitin specific peptidase 20(USP20)","Homo sapiens"
"USP25","Q9UHP3","","ubiquitin specific peptidase 25(USP25)","Homo sapiens"
"USP30","Q70CQ3","","ubiquitin specific peptidase 30(USP30)","Homo sapiens"
"USP31","Q70CQ4","","ubiquitin specific peptidase 31(USP31)","Homo sapiens"
"USP33","Q8TEY7","","ubiquitin specific peptidase 33(USP33)","Homo sapiens"
"USP43","Q70EL4","","ubiquitin specific peptidase 43(USP43)","Homo sapiens"
"USP53","Q70EK8","","ubiquitin specific peptidase 53(USP53)","Homo sapiens"
"UTP25","Q68CQ4","","UTP25 small subunit processome component(UTP25)","Homo sapiens"
"UTP4","Q969X6","","UTP4 small subunit processome component(UTP4)","Homo sapiens"
"UVRAG","Q9P2Y5","","UV radiation resistance associated(UVRAG)","Homo sapiens"
"VAMP8","Q9BV40","","vesicle associated membrane protein 8(VAMP8)","Homo sapiens"
"VANGL1","Q8TAA9","","VANGL planar cell polarity protein 1(VANGL1)","Homo sapiens"
"VARS2","Q5ST30","","valyl-tRNA synthetase 2, mitochondrial(VARS2)","Homo sapiens"
"VASP","P50552","","vasodilator stimulated phosphoprotein(VASP)","Homo sapiens"
"VDR","P11473","","vitamin D receptor(VDR)","Homo sapiens"
"VGLL1","Q99990","","vestigial like family member 1(VGLL1)","Homo sapiens"
"VILL","O15195","","villin like(VILL)","Homo sapiens"
"VIM","P08670","","vimentin(VIM)","Homo sapiens"
"VKORC1L1","Q8N0U8","","vitamin K epoxide reductase complex subunit 1 like 1(VKORC1L1)","Homo sapiens"
"VMA12","Q8N511","","vacuolar ATPase assembly factor VMA12(VMA12)","Homo sapiens"
"VMA22","Q96NT0","","vacuolar ATPase assembly factor VMA22(VMA22)","Homo sapiens"
"VMP1","Q96GC9","","vacuole membrane protein 1(VMP1)","Homo sapiens"
"VPS18","Q9P253","","VPS18 core subunit of CORVET and HOPS complexes(VPS18)","Homo sapiens"
"VPS37C","A5D8V6","","VPS37C subunit of ESCRT-I(VPS37C)","Homo sapiens"
"VPS45","Q9NRW7","","vacuolar protein sorting 45 homolog(VPS45)","Homo sapiens"
"VPS4A","Q9UN37","","vacuolar protein sorting 4 homolog A(VPS4A)","Homo sapiens"
"VPS4B","O75351","","vacuolar protein sorting 4 homolog B(VPS4B)","Homo sapiens"
"VPS50","Q96JG6","","VPS50 subunit of EARP/GARPII complex(VPS50)","Homo sapiens"
"VTI1B","Q9UEU0","","vesicle transport through interaction with t-SNAREs 1B(VTI1B)","Homo sapiens"
"VTN","P04004","","vitronectin(VTN)","Homo sapiens"
"VWA1","Q6PCB0","","von Willebrand factor A domain containing 1(VWA1)","Homo sapiens"
"VWA2","Q5GFL6","","von Willebrand factor A domain containing 2(VWA2)","Homo sapiens"
"WASHC3","Q9Y3C0","","WASH complex subunit 3(WASHC3)","Homo sapiens"
"WASL","O00401","","WASP like actin nucleation promoting factor(WASL)","Homo sapiens"
"WDR12","Q9GZL7","","WD repeat domain 12(WDR12)","Homo sapiens"
"WDR13","Q9H1Z4","","WD repeat domain 13(WDR13)","Homo sapiens"
"WDR19","Q8NEZ3","","WD repeat domain 19(WDR19)","Homo sapiens"
"WDR24","Q96S15","","WD repeat domain 24(WDR24)","Homo sapiens"
"WDR33","Q9C0J8","","WD repeat domain 33(WDR33)","Homo sapiens"
"WDR37","Q9Y2I8","","WD repeat domain 37(WDR37)","Homo sapiens"
"WDR4","P57081","","WDR4 tRNA N7-guanosine methyltransferase non-catalytic subunit(WDR4)","Homo sapiens"
"WDR5","P61964","","WD repeat domain 5(WDR5)","Homo sapiens"
"WDR81","Q562E7","","WD repeat domain 81(WDR81)","Homo sapiens"
"WDR89","Q96FK6","","WD repeat domain 89(WDR89)","Homo sapiens"
"WDR90","Q96KV7","","WD repeat domain 90(WDR90)","Homo sapiens"
"WDTC1","Q8N5D0","","WD and tetratricopeptide repeats 1(WDTC1)","Homo sapiens"
"WFS1","O76024","","wolframin ER transmembrane glycoprotein(WFS1)","Homo sapiens"
"WHR1","P49842","","winged helix repair factor 1(WHR1)","Homo sapiens"
"WIPF2","Q8TF74","","WAS/WASL interacting protein family member 2(WIPF2)","Homo sapiens"
"WLS","Q5T9L3","","Wnt ligand secretion mediator(WLS)","Homo sapiens"
"WNK1","Q9H4A3","","WNK lysine deficient protein kinase 1(WNK1)","Homo sapiens"
"WNT5B","Q9H1J7","","Wnt family member 5B(WNT5B)","Homo sapiens"
"WWC2","Q6AWC2","","WW and C2 domain containing 2(WWC2)","Homo sapiens"
"WWC3","Q9ULE0","","WWC family member 3(WWC3)","Homo sapiens"
"WWP1","Q9H0M0","","WW domain containing E3 ubiquitin protein ligase 1(WWP1)","Homo sapiens"
"XDH","P47989","","xanthine dehydrogenase(XDH)","Homo sapiens"
"XPR1","Q9UBH6","","xenotropic and polytropic retrovirus receptor 1(XPR1)","Homo sapiens"
"XRN2","Q9H0D6","","5'-3' exoribonuclease 2(XRN2)","Homo sapiens"
"XYLT2","Q9H1B5","","xylosyltransferase 2(XYLT2)","Homo sapiens"
"YIF1A","O95070","","Yip1 interacting factor homolog A, membrane trafficking protein(YIF1A)","Homo sapiens"
"YIF1B","Q5BJH7","","Yip1 interacting factor homolog B, membrane trafficking protein(YIF1B)","Homo sapiens"
"YIPF1","Q9Y548","","Yip1 domain family member 1(YIPF1)","Homo sapiens"
"YIPF3","Q9GZM5","","Yip1 domain family member 3(YIPF3)","Homo sapiens"
"YWHAB","P31946","","tyrosine 3-monooxygenase/tryptophan 5-monooxygenase activation protein beta(YWHAB)","Homo sapiens"
"YWHAQ","P27348","","tyrosine 3-monooxygenase/tryptophan 5-monooxygenase activation protein theta(YWHAQ)","Homo sapiens"
"YWHAZ","P63104","","tyrosine 3-monooxygenase/tryptophan 5-monooxygenase activation protein zeta(YWHAZ)","Homo sapiens"
"ZBTB16","Q05516","","zinc finger and BTB domain containing 16(ZBTB16)","Homo sapiens"
"ZBTB32","Q9Y2Y4","","zinc finger and BTB domain containing 32(ZBTB32)","Homo sapiens"
"ZBTB34","Q8NCN2","","zinc finger and BTB domain containing 34(ZBTB34)","Homo sapiens"
"ZBTB37","Q5TC79","","zinc finger and BTB domain containing 37(ZBTB37)","Homo sapiens"
"ZBTB39","O15060","","zinc finger and BTB domain containing 39(ZBTB39)","Homo sapiens"
"ZBTB7C","A1YPR0","","zinc finger and BTB domain containing 7C(ZBTB7C)","Homo sapiens"
"ZC2HC1A","Q96GY0","","zinc finger C2HC-type containing 1A(ZC2HC1A)","Homo sapiens"
"ZC3H18","Q86VM9","","zinc finger CCCH-type containing 18(ZC3H18)","Homo sapiens"
"ZC3H8","Q8N5P1","","zinc finger CCCH-type containing 8(ZC3H8)","Homo sapiens"
"ZDHHC17","Q8IUH5","","zinc finger DHHC-type palmitoyltransferase 17(ZDHHC17)","Homo sapiens"
"ZDHHC6","Q9H6R6","","zinc finger DHHC-type palmitoyltransferase 6(ZDHHC6)","Homo sapiens"
"ZER1","Q7Z7L7","","zyg-11 related cell cycle regulator(ZER1)","Homo sapiens"
"ZFAND5","O76080","","zinc finger AN1-type containing 5(ZFAND5)","Homo sapiens"
"ZFYVE26","Q68DK2","","zinc finger FYVE-type containing 26(ZFYVE26)","Homo sapiens"
"ZMIZ1","Q9ULJ6","","zinc finger MIZ-type containing 1(ZMIZ1)","Homo sapiens"
"ZNF326","Q5BKZ1","","zinc finger protein 326(ZNF326)","Homo sapiens"
"ZNF362","Q5T0B9","","zinc finger protein 362(ZNF362)","Homo sapiens"
"ZNF385A","Q96PM9","","zinc finger protein 385A(ZNF385A)","Homo sapiens"
"ZNF609","O15014","","zinc finger protein 609(ZNF609)","Homo sapiens"
"ZNF646","O15015","","zinc finger protein 646(ZNF646)","Homo sapiens"
"ZNF750","Q32MQ0","","zinc finger protein 750(ZNF750)","Homo sapiens"
"ZNHIT2","Q9UHR6","","zinc finger HIT-type containing 2(ZNHIT2)","Homo sapiens"
"ZNRF2","Q8NHG8","","zinc and ring finger 2(ZNRF2)","Homo sapiens"
"ZRANB3","Q5FWF4","","zinc finger RANBP2-type containing 3(ZRANB3)","Homo sapiens"
"ZSCAN29","Q8IWY8","","zinc finger and SCAN domain containing 29(ZSCAN29)","Homo sapiens"
"ZYG11B","Q9C0D3","","zyg-11 family member B, cell cycle regulator(ZYG11B)","Homo sapiens"
"ZZEF1","O43149","","zinc finger ZZ-type and EF-hand domain containing 1(ZZEF1)","Homo sapiens"

